id,Timestamp,Date,Test_ID,Component_ID,Run_ID,Sensor_ID,Source_File,Source_Row,Processing_Time,Join_Status,Data_Quality_Flag,5V A-to-D Converter Voltage,Alternate Engine Speed Sensor,B-Average Speed Sensor,Commanded Stroke,Compensated Ratio,Current,Engine Speed Command,Engine Speed Error,Fan Speed1,Fan Speed2,HT Coolant Lev1,HT Coolant Lev2,HT Coolant Temperature,Hydraulic Oil (Cyclone Tank) Level Feedback(mm),Hydraulic Oil (Cyclone Tank) Temp Feedback(°C),LT Coolant Lev1,LT Coolant Lev2,LT Coolant Pump RPM,LT Coolant Pump Status,LT Coolant Temperature,Parking Brake Pressure Transducer Feedback(bar),Ratio,Stroke Rate,System Voltage,TCM Status,Temperature,Time,Transmission Pressure Sensor Feedback(psi),Transmission Temperature Sensor Feedback(°F),Voltage,alarmUnitSts,altPktCount,alternatorBatteryTempReference,alternatorBatteryType,alternatorFlags1,alternatorFlags2,alternatorFlags3,alternatorFlags4,alternatorHourMeter,alternatorOVCOCounter,alternatorOpPercent,alternatorSpeed,alternatorTemperature1,alternatorTemperature2,alternatorVoltage,alternatorWarnLED,batteryVoltage,bustleRearDoor,cantAngle,cartridgeDoor,commanderHatch,cooling System Pkt Count,cylinderSts1,cylinderSts2,cylinderSts3,cylinderSts4,cylinderSts5,dmb1,dmb2,dmb3,driverHatch,ecuPktCount,elGunElevation,engineCoolantTemperature1,engineOilPressure1,engineOilTemperature1,engineRPM1,finalDriveInputRpm,finalSpeed,fireWire,fuelLevel,gearStatus,gssRange,gunElevation,gunnerHatch,heatSysPktCount,hydraulic Oil Temp,ifdssMode,ifdssPktCount,lrfgssAzimuth,lrfgssElevation,lrfpssAzimuth,lrfpssElevation,lrfpssRange,manCylinderSts1,manCylinderSts2,manCylinderSts3,manCylinderSts4,manCylinderSts5,nbcBlowerOvrTemperature,nbcBlowerRotation,nbcCmdInputs,nbcCurrentMode,nbcCurrentSpeed,nbcDCBusVoltage,nbcFDFilterClogged,nbcFilterClogged,nbcFilterStatus,nbcPreFilterClogged,ovrPrsPktCount,parkingBrakeStatus,pjacCleaningCycleStatus,pjacCleaningEnabledStatus,pjacCompressorFaultStatus,pjacDiffFilterPressure,pjacDifferentialSensorFaultStatus,pjacFaults,pjacFilterCloggedStatus,pjacMsgID,pjacPktCount,pjacSupplyVolt,pjacTankTransducerFaultStatus,pjacValveFaultStatus,pjacflagsNFaults,pssAzimuth,pssElevation,speedSensorOutputFrequency1,speedSensorOutputFrequency2,tcuPktCount,td1Sts1,td1Sts2,td1Sts3,td1Sts4,throttlePositionPercent,transmissionOPShaftRPM,transmissionOilPressure,transmissionOilTemperature,turretAzimuth,turretExternalTemperature,turretPktCount,uvirStatus1,uvirStatus2,uvirStatus3,uvirStatus4,uvirStatus5,uvirStatus6,vehicleSpeed
avg_1,25-02-2026 10:02:00,25-02-2026,T-001,COMP-01,RUN-A,SENS-01,can_log_25022026_100224.csv,1,2026-10-06T05:37:42.539087+00:00,Matched,OK,0.0,0.0,0.0,0.0,0.0,,0.0,0.0,0.0,0.0,0.0,0.0,0.0,51.5254,-13.5593,0.0,0.0,0.0,STOP,0.0,0.0,0.0,0.0,0.0,0.0,,25-02-2026 10:02:24:254,0.0,-15.7288,,0.0,20.1017,178.5593,3.2542,27.661,12.2034,6.5085,207.4576,49.8305,0.0,0.0,0.0,25.9322,21.3559,18.7771,0.8305,0.0,0.0,0.0,0.0,0.0,0.0,0.0,0.0,0.0,0.0,0.0,0.0,0.0,0.0,0.0,0.0,0.0,0.0,0.0,0.0,0.0,0.0,0.0,0.0,0.0662,R,0.0,0.0,0.0,0.0,0.0,0.0,0.0,0.0,0.0,0.0,0.0,0.0,0.0,0.0,0.0,0.0,0.0,0.0,0.0,0.0,0.0,0.0,0.0,0.0,0.0,0.0,0.0,0.0,0.0,Standby,Enabled,Not triggered,0.0,Not triggered,0.0,Not triggered,0.0,0.0,0.0,Not triggered,Not triggered,0.0,0.0,0.0,0.0,0.0,0.0,0.0,0.0,0.0,0.0,0.0,0.0,0.0,0.0,0.0,0.0,0.0,0.0,0.0,0.0,0.0,0.0,0.0,0.0
avg_2,25-02-2026 10:03:00,25-02-2026,T-001,COMP-01,RUN-A,SENS-01,can_log_25022026_100224.csv,60,2026-10-06T05:37:42.548593+00:00,Matched,OK,0.0,0.0,0.0,0.0,0.0,,0.0,0.0,0.0,0.0,0.0,0.0,0.0,190.0,-50.0,0.0,0.0,0.0,STOP,0.0,0.0,0.0,0.0,0.0,0.0,,25-02-2026 10:03:02:439,0.0,-58.0,,0.0,98.8911,215.0,4.0,34.0,15.0,8.0,255.0,60.0,0.0,0.0,0.0,34.0,28.0,25.15,1.0,0.0,0.0,0.0,0.0,0.0,0.0,0.0,0.0,0.0,0.0,0.0,0.0,0.0,0.0,0.0,0.0,0.0,N.A.,0.0,N.A.,0.0,0.0,0.0,0.0,0.2443,,0.0,0.0,0.0,0.0,0.0,0.0,0.0,0.0,0.0,0.0,0.0,0.0,0.0,0.0,0.0,0.0,0.0,0.0,0.0,0.0,0.0,0.0,0.0,0.0,0.0,0.0,0.0,0.0,0.0,Standby,Enabled,Not triggered,0.0,Not triggered,0.0,Not triggered,0.0,0.0,0.0,Not triggered,Not triggered,0.0,0.0,0.0,0.0,0.0,0.0,0.0,0.0,0.0,0.0,0.0,0.0,0.0,0.0,0.0,0.0,0.0,0.0,0.0,0.0,0.0,0.0,0.0,0.0
avg_3,25-02-2026 10:04:00,25-02-2026,T-001,COMP-01,RUN-A,SENS-01,can_log_25022026_100224.csv,161,2026-10-06T05:37:42.563099+00:00,Matched,OK,0.0,0.0,0.0,0.0,0.0,,0.0,0.0,0.0,0.0,0.0,0.0,0.0,190.0,-50.0,0.0,0.0,0.0,STOP,0.0,0.0,0.0,0.0,0.0,0.0,,25-02-2026 10:04:03:037,0.0,-58.0,,0.0,198.6337,215.0,4.0,34.0,15.0,8.0,255.0,60.0,0.0,0.0,0.0,34.0,28.0,25.1525,1.0,0.0,0.0,0.0,0.0,0.0,0.0,0.0,0.0,0.0,0.0,0.0,0.0,0.0,0.0,0.0,0.0,0.0,N.A.,0.0,N.A.,0.0,0.0,0.0,0.0,0.2447,,0.0,0.0,0.0,0.0,0.0,0.0,0.0,0.0,0.0,0.0,0.0,0.0,0.0,0.0,0.0,0.0,0.0,0.0,0.0,0.0,0.0,0.0,0.0,0.0,0.0,0.0,0.0,0.0,0.0,Standby,Enabled,Not triggered,0.0,Not triggered,0.0,Not triggered,0.0,0.0,0.0,Not triggered,Not triggered,0.0,0.0,0.0,0.0,0.0,0.0,0.0,0.0,0.0,0.0,0.0,0.0,0.0,0.0,0.0,0.0,0.0,0.0,0.0,0.0,0.0,0.0,0.0,0.0
avg_4,25-02-2026 10:05:00,25-02-2026,T-001,COMP-01,RUN-A,SENS-01,can_log_25022026_100224.csv,262,2026-10-06T05:37:42.577217+00:00,Matched,OK,0.0,0.0,0.0,0.0,0.0,,0.0,0.0,0.0,0.0,0.0,0.0,0.0,190.0,-50.0,0.0,0.0,0.0,STOP,0.0,0.0,0.0,0.0,0.0,0.0,,25-02-2026 10:05:03:639,0.0,-58.0,,0.0,298.4851,215.0,4.0,34.0,15.0,8.0,255.0,60.0,0.0,0.0,0.0,34.099,28.0,25.15,1.0,0.0,0.0,0.0,0.0,0.0,0.0,0.0,0.0,0.0,0.0,0.0,0.0,0.0,0.0,0.0,0.0,0.0,N.A.,0.0,N.A.,0.0,0.0,0.0,0.0,0.2466,,0.0,0.0,0.0,0.0,0.0,0.0,0.0,0.0,0.0,0.0,0.0,0.0,0.0,0.0,0.0,0.0,0.0,0.0,0.0,0.0,0.0,0.0,0.0,0.0,0.0,0.0,0.0,0.0,0.0,Standby,Enabled,Not triggered,0.0,Not triggered,0.0,Not triggered,0.0,0.0,0.0,Not triggered,Not triggered,0.0,0.0,0.0,0.0,0.0,0.0,0.0,0.0,0.0,0.0,0.0,0.0,0.0,0.0,0.0,0.0,0.0,0.0,0.0,0.0,0.0,0.0,0.0,0.0
avg_5,25-02-2026 10:06:00,25-02-2026,T-001,COMP-01,RUN-A,SENS-01,can_log_25022026_100224.csv,363,2026-10-06T05:37:42.591426+00:00,Matched,OK,0.0,0.0,0.0,0.0,0.0,,0.0,0.0,0.0,0.0,0.0,0.0,0.0,190.0,-50.0,0.0,0.0,0.0,STOP,0.0,0.0,0.0,0.0,0.0,0.0,,25-02-2026 10:06:04:038,0.0,-58.0,,0.0,398.4412,215.0,4.0,34.0,15.0,8.0,255.0,60.0,0.0,0.0,0.0,35.1765,28.0,25.1431,1.0,0.0,0.0,0.0,0.0,0.0,0.0,0.0,0.0,0.0,0.0,0.0,0.0,0.0,0.0,0.0,0.0,0.0,N.A.,0.0,N.A.,0.0,0.0,0.0,0.0,0.2489,,0.0,0.0,0.0,0.0,0.0,0.0,0.0,0.0,0.0,0.0,0.0,0.0,0.0,0.0,0.0,0.0,0.0,0.0,0.0,0.0,0.0,0.0,0.0,0.0,0.0,0.0,0.0,0.0,0.0,Standby,Enabled,Not triggered,0.0,Not triggered,0.0,Not triggered,0.0,0.0,0.0,Not triggered,Not triggered,0.0,0.0,0.0,0.0,0.0,0.0,0.0,0.0,0.0,0.0,0.0,0.0,0.0,0.0,0.0,0.0,0.0,0.0,0.0,0.0,0.0,0.0,0.0,0.0
avg_6,25-02-2026 10:07:00,25-02-2026,T-001,COMP-01,RUN-A,SENS-01,can_log_25022026_100224.csv,465,2026-10-06T05:37:42.605746+00:00,Matched,OK,0.0,0.0,0.0,0.0,0.0,,0.0,0.0,0.0,0.0,0.0,0.0,0.0,190.0,-50.0,0.0,0.0,0.0,STOP,0.0,0.0,0.0,0.0,0.0,0.0,,25-02-2026 10:07:04:648,0.0,-58.0,,0.0,498.5,215.0,4.0,34.0,15.0,8.0,255.0,60.0,0.0,0.0,0.0,35.8,28.0,25.1495,1.0,0.0,0.0,0.0,0.0,0.0,0.0,0.0,0.0,0.0,0.0,0.0,0.0,0.0,0.0,0.0,0.0,0.0,N.A.,0.0,N.A.,0.0,0.0,0.0,0.0,0.2517,,0.0,0.0,0.0,0.0,0.0,0.0,0.0,0.0,0.0,0.0,0.0,0.0,0.0,0.0,0.0,0.0,0.0,0.0,0.0,0.0,0.0,0.0,0.0,0.0,0.0,0.0,0.0,0.0,0.0,Standby,Enabled,Not triggered,0.0,Not triggered,0.0,Not triggered,0.0,0.0,0.0,Not triggered,Not triggered,0.0,0.0,0.0,0.0,0.0,0.0,0.0,0.0,0.0,0.0,0.0,0.0,0.0,0.0,0.0,0.0,0.0,0.0,0.0,0.0,0.0,0.0,0.0,0.0
avg_7,25-02-2026 10:08:00,25-02-2026,T-001,COMP-01,RUN-A,SENS-01,can_log_25022026_100224.csv,565,2026-10-06T05:37:42.619779+00:00,Matched,OK,0.0,0.0,0.0,0.0,0.0,,0.0,0.0,0.0,0.0,0.0,0.0,0.0,190.0,-50.0,0.0,0.0,0.0,STOP,0.0,0.0,0.0,0.0,0.0,0.0,,25-02-2026 10:08:05:238,0.0,-58.0,,0.0,598.58,215.0,4.0,34.0,15.0,8.0,255.0,60.0,0.0,0.0,0.0,36.0,28.0,25.135,1.0,0.0,0.0,0.0,0.0,0.0,0.0,0.0,0.0,0.0,0.0,0.0,0.0,0.0,0.0,0.0,0.0,0.0,N.A.,0.0,N.A.,0.0,0.0,0.0,0.0,0.2535,,0.0,0.0,0.0,0.0,0.0,0.0,0.0,0.0,0.0,0.0,0.0,0.0,0.0,0.0,0.0,0.0,0.0,0.0,0.0,0.0,0.0,0.0,0.0,0.0,0.0,0.0,0.0,0.0,0.0,Standby,Enabled,Not triggered,0.0,Not triggered,0.0,Not triggered,0.0,0.0,0.0,Not triggered,Not triggered,0.0,0.0,0.0,0.0,0.0,0.0,0.0,0.0,0.0,0.0,0.0,0.0,0.0,0.0,0.0,0.0,0.0,0.0,0.0,0.0,0.0,0.0,0.0,0.0
avg_8,25-02-2026 10:09:00,25-02-2026,T-001,COMP-01,RUN-A,SENS-01,can_log_25022026_100224.csv,665,2026-10-06T05:37:42.633835+00:00,Matched,OK,0.0,0.0,0.0,0.0,0.0,,0.0,0.0,0.0,0.0,0.0,0.0,0.0,190.0,-50.0,0.0,0.0,0.0,STOP,0.0,0.0,0.0,0.0,0.0,0.0,,25-02-2026 10:09:05:844,0.0,-58.0,,0.0,698.6,215.0,4.0,34.0,15.0,8.0,255.0,60.0,0.0,0.0,0.0,36.0,28.0,25.155,1.0,0.0,0.0,0.0,0.0,0.0,0.0,0.0,0.0,0.0,0.0,0.0,0.0,0.0,0.0,0.0,0.0,0.0,N.A.,0.0,N.A.,0.0,0.0,0.0,0.0,0.2555,,0.0,0.0,0.0,0.0,0.0,0.0,0.0,0.0,0.0,0.0,0.0,0.0,0.0,0.0,0.0,0.0,0.0,0.0,0.0,0.0,0.0,0.0,0.0,0.0,0.0,0.0,0.0,0.0,0.0,Standby,Enabled,Not triggered,0.0,Not triggered,0.0,Not triggered,0.0,0.0,0.0,Not triggered,Not triggered,0.0,0.0,0.0,0.0,0.0,0.0,0.0,0.0,0.0,0.0,0.0,0.0,0.0,0.0,0.0,0.0,0.0,0.0,0.0,0.0,0.0,0.0,0.0,0.0
avg_9,25-02-2026 10:10:00,25-02-2026,T-001,COMP-01,RUN-A,SENS-01,can_log_25022026_100224.csv,765,2026-10-06T05:37:42.647684+00:00,Matched,OK,0.0,0.0,0.0,0.0,0.0,,0.0,0.0,0.0,0.0,0.0,0.0,0.0,190.0,-50.0,0.0,0.0,0.0,STOP,0.0,0.0,0.0,0.0,0.0,0.0,,25-02-2026 10:10:06:239,0.0,-58.0,,0.0,798.4,215.0,4.0,34.0,15.0,8.0,255.0,60.0,0.0,0.0,0.0,36.0,28.0,25.1475,1.0,0.0,0.0,0.0,0.0,0.0,0.0,0.0,0.0,0.0,0.0,0.0,0.0,0.0,0.0,0.0,0.0,0.0,N.A.,0.0,N.A.,0.0,0.0,0.0,0.0,0.2556,,0.0,0.0,0.0,0.0,0.0,0.0,0.0,0.0,0.0,0.0,0.0,0.0,0.0,0.0,0.0,0.0,0.0,0.0,0.0,0.0,0.0,0.0,0.0,0.0,0.0,0.0,0.0,0.0,0.0,Standby,Enabled,Not triggered,0.0,Not triggered,0.0,Not triggered,0.0,0.0,0.0,Not triggered,Not triggered,0.0,0.0,0.0,0.0,0.0,0.0,0.0,0.0,0.0,0.0,0.0,0.0,0.0,0.0,0.0,0.0,0.0,0.0,0.0,0.0,0.0,0.0,0.0,0.0
avg_10,25-02-2026 10:11:00,25-02-2026,T-001,COMP-01,RUN-A,SENS-01,can_log_25022026_100224.csv,865,2026-10-06T05:37:42.661509+00:00,Matched,OK,0.0,0.0,0.0,0.0,0.0,,0.0,0.0,0.0,0.0,0.0,0.0,0.0,190.0,-50.0,0.0,0.0,0.0,STOP,0.0,0.0,0.0,0.0,0.0,0.0,,25-02-2026 10:11:06:843,0.0,-58.0,,0.0,898.6337,215.0,4.0,34.0,15.0,8.0,255.0,60.0,0.0,0.0,0.0,36.0,28.0,25.1401,1.0,0.0,0.0,0.0,0.0,0.0,0.0,0.0,0.0,0.0,0.0,0.0,0.0,0.0,0.0,0.0,0.0,0.0,N.A.,0.0,N.A.,0.0,0.0,0.0,0.0,0.256,,0.0,0.0,0.0,0.0,0.0,0.0,0.0,0.0,0.0,0.0,0.0,0.0,0.0,0.0,0.0,0.0,0.0,0.0,0.0,0.0,0.0,0.0,0.0,0.0,0.0,0.0,0.0,0.0,0.0,Standby,Enabled,Not triggered,0.0,Not triggered,0.0,Not triggered,0.0,0.0,0.0,Not triggered,Not triggered,0.0,0.0,0.0,0.0,0.0,0.0,0.0,0.0,0.0,0.0,0.0,0.0,0.0,0.0,0.0,0.0,0.0,0.0,0.0,0.0,0.0,0.0,0.0,0.0
avg_11,25-02-2026 10:12:00,25-02-2026,T-001,COMP-01,RUN-A,SENS-01,can_log_25022026_100224.csv,966,2026-10-06T05:37:42.675656+00:00,Matched,OK,0.0,0.0,0.0,0.0,0.0,,0.0,0.0,0.0,0.0,0.0,0.0,0.0,190.0,-50.0,0.0,0.0,0.0,STOP,0.0,0.0,0.0,0.0,0.0,0.0,,25-02-2026 10:12:07:438,0.0,-58.0,,0.0,998.4851,215.0,4.0,34.0,15.0,8.0,255.0,60.0,0.0,0.0,0.0,36.0,28.0,25.145,1.0,0.0,0.0,0.0,0.0,0.0,0.0,0.0,0.0,0.0,0.0,0.0,0.0,0.0,0.0,0.0,0.0,0.0,N.A.,0.0,N.A.,0.0,0.0,0.0,0.0,0.256,,0.0,0.0,0.0,0.0,0.0,0.0,0.0,0.0,0.0,0.0,0.0,0.0,0.0,0.0,0.0,0.0,0.0,0.0,0.0,0.0,0.0,0.0,0.0,0.0,0.0,0.0,0.0,0.0,0.0,Standby,Enabled,Not triggered,0.0,Not triggered,0.0,Not triggered,0.0,0.0,0.0,Not triggered,Not triggered,0.0,0.0,0.0,0.0,0.0,0.0,0.0,0.0,0.0,0.0,0.0,0.0,0.0,0.0,0.0,0.0,0.0,0.0,0.0,0.0,0.0,0.0,0.0,0.0
avg_12,25-02-2026 10:13:00,25-02-2026,T-001,COMP-01,RUN-A,SENS-01,can_log_25022026_100224.csv,1067,2026-10-06T05:37:42.689820+00:00,Matched,OK,0.0,0.0,0.0,0.0,0.0,,0.0,0.0,0.0,0.0,0.0,0.0,0.0,190.0,-50.0,0.0,0.0,0.0,STOP,0.0,0.0,0.0,0.0,0.0,0.0,,25-02-2026 10:13:07:847,0.0,-58.0,,0.0,1098.5784,215.0,4.0,34.0,15.0,8.0,255.0,60.0,0.0,0.0,0.0,36.049,28.0,25.1426,1.0,0.0,0.0,0.0,0.0,0.0,0.0,0.0,0.0,0.0,0.0,0.0,0.0,0.0,0.0,0.0,0.0,0.0,N.A.,0.0,N.A.,0.0,0.0,0.0,0.0,0.2561,,0.0,0.0,0.0,0.0,0.0,0.0,0.0,0.0,0.0,0.0,0.0,0.0,0.0,0.0,0.0,0.0,0.0,0.0,0.0,0.0,0.0,0.0,0.0,0.0,0.0,0.0,0.0,0.0,0.0,Standby,Enabled,Not triggered,0.0,Not triggered,0.0,Not triggered,0.0,0.0,0.0,Not triggered,Not triggered,0.0,0.0,0.0,0.0,0.0,0.0,0.0,0.0,0.0,0.0,0.0,0.0,0.0,0.0,0.0,0.0,0.0,0.0,0.0,0.0,0.0,0.0,0.0,0.0
avg_13,25-02-2026 10:14:00,25-02-2026,T-001,COMP-01,RUN-A,SENS-01,can_log_25022026_100224.csv,1169,2026-10-06T05:37:42.704203+00:00,Matched,OK,0.0,0.0,0.0,0.0,0.0,,0.0,0.0,0.0,0.0,0.0,0.0,0.0,190.0,-50.0,0.0,0.0,0.0,STOP,0.0,0.0,0.0,0.0,0.0,0.0,,25-02-2026 10:14:08:443,0.0,-58.0,,0.0,1198.5,215.0,4.0,34.0,15.0,8.0,255.0,60.0,0.0,0.0,0.0,36.1,28.0,25.1425,1.0,0.0,0.0,0.0,0.0,0.0,0.0,0.0,0.0,0.0,0.0,0.0,0.0,0.0,0.0,0.0,0.0,0.0,N.A.,0.0,N.A.,0.0,0.0,0.0,0.0,0.2563,,0.0,0.0,0.0,0.0,0.0,0.0,0.0,0.0,0.0,0.0,0.0,0.0,0.0,0.0,0.0,0.0,0.0,0.0,0.0,0.0,0.0,0.0,0.0,0.0,0.0,0.0,0.0,0.0,0.0,Standby,Enabled,Not triggered,0.0,Not triggered,0.0,Not triggered,0.0,0.0,0.0,Not triggered,Not triggered,0.0,0.0,0.0,0.0,0.0,0.0,0.0,0.0,0.0,0.0,0.0,0.0,0.0,0.0,0.0,0.0,0.0,0.0,0.0,0.0,0.0,0.0,0.0,0.0
avg_14,25-02-2026 10:15:00,25-02-2026,T-001,COMP-01,RUN-A,SENS-01,can_log_25022026_100224.csv,1269,2026-10-06T05:37:42.718092+00:00,Matched,OK,0.0,0.0,0.0,0.0,0.0,,0.0,0.0,0.0,0.0,0.0,0.0,0.0,190.0,-50.0,0.0,0.0,0.0,STOP,0.0,0.0,0.0,0.0,0.0,0.0,,25-02-2026 10:15:09:038,0.0,-58.0,,0.0,1298.62,215.0,4.0,34.0,15.0,8.0,255.0,60.0,0.0,0.0,0.0,36.44,28.0,25.1475,1.0,0.0,0.0,0.0,0.0,0.0,0.0,0.0,0.0,0.0,0.0,0.0,0.0,0.0,0.0,0.0,0.0,0.0,N.A.,0.0,N.A.,0.0,0.0,0.0,0.0,0.2562,,0.0,0.0,0.0,0.0,0.0,0.0,0.0,0.0,0.0,0.0,0.0,0.0,0.0,0.0,0.0,0.0,0.0,0.0,0.0,0.0,0.0,0.0,0.0,0.0,0.0,0.0,0.0,0.0,0.0,Standby,Enabled,Not triggered,0.0,Not triggered,0.0,Not triggered,0.0,0.0,0.0,Not triggered,Not triggered,0.0,0.0,0.0,0.0,0.0,0.0,0.0,0.0,0.0,0.0,0.0,0.0,0.0,0.0,0.0,0.0,0.0,0.0,0.0,0.0,0.0,0.0,0.0,0.0
avg_15,25-02-2026 10:16:00,25-02-2026,T-001,COMP-01,RUN-A,SENS-01,can_log_25022026_100224.csv,1369,2026-10-06T05:37:42.732030+00:00,Matched,OK,0.0,0.0,0.0,0.0,0.0,,0.0,0.0,0.0,0.0,0.0,0.0,0.0,190.0,-50.0,0.0,0.0,0.0,STOP,0.0,0.0,0.0,0.0,0.0,0.0,,25-02-2026 10:16:09:637,0.0,-58.0,,0.0,1398.6,215.0,4.0,34.0,15.0,8.0,255.0,60.0,0.0,0.0,0.0,36.6,28.0,25.1525,1.0,0.0,0.0,0.0,0.0,0.0,0.0,0.0,0.0,0.0,0.0,0.0,0.0,0.0,0.0,0.0,0.0,0.0,N.A.,0.0,N.A.,0.0,0.0,0.0,0.0,0.2563,,0.0,0.0,0.0,0.0,0.0,0.0,0.0,0.0,0.0,0.0,0.0,0.0,0.0,0.0,0.0,0.0,0.0,0.0,0.0,0.0,0.0,0.0,0.0,0.0,0.0,0.0,0.0,0.0,0.0,Standby,Enabled,Not triggered,0.0,Not triggered,0.0,Not triggered,0.0,0.0,0.0,Not triggered,Not triggered,0.0,0.0,0.0,0.0,0.0,0.0,0.0,0.0,0.0,0.0,0.0,0.0,0.0,0.0,0.0,0.0,0.0,0.0,0.0,0.0,0.0,0.0,0.0,0.0
avg_16,25-02-2026 10:17:00,25-02-2026,T-001,COMP-01,RUN-A,SENS-01,can_log_25022026_100224.csv,1469,2026-10-06T05:37:42.745911+00:00,Matched,OK,0.0,0.0,0.0,0.0,0.0,,0.0,0.0,0.0,0.0,0.0,0.0,0.0,190.0,-50.0,0.0,0.0,0.0,STOP,0.0,0.0,0.0,0.0,0.0,0.0,,25-02-2026 10:17:10:040,0.0,-58.0,,0.0,1497.5102,215.0,4.0,34.0,15.0,8.0,255.0,60.0,0.0,0.0,0.0,36.7449,28.0,25.1449,1.0,0.0,0.0,0.0,0.0,0.0,0.0,0.0,0.0,0.0,0.0,0.0,0.0,0.0,0.0,0.0,0.0,0.0,N.A.,0.0,N.A.,0.0,0.0,0.0,0.0,0.2562,,0.0,0.0,0.0,0.0,0.0,0.0,0.0,0.0,0.0,0.0,0.0,0.0,0.0,0.0,0.0,0.0,0.0,0.0,0.0,0.0,0.0,0.0,0.0,0.0,0.0,0.0,0.0,0.0,0.0,Standby,Enabled,Not triggered,0.0,Not triggered,0.0,Not triggered,0.0,0.0,0.0,Not triggered,Not triggered,0.0,0.0,0.0,0.0,0.0,0.0,0.0,0.0,0.0,0.0,0.0,0.0,0.0,0.0,0.0,0.0,0.0,0.0,0.0,0.0,0.0,0.0,0.0,0.0
avg_17,25-02-2026 10:18:00,25-02-2026,T-001,COMP-01,RUN-A,SENS-01,can_log_25022026_100224.csv,1567,2026-10-06T05:37:42.759580+00:00,Matched,OK,0.0,0.0,0.0,0.0,0.0,,0.0,0.0,0.0,0.0,0.0,0.0,0.0,190.0,-50.0,0.0,0.0,0.0,STOP,0.0,0.0,0.0,0.0,0.0,0.0,,25-02-2026 10:18:00:039,0.0,-58.0,,0.0,1595.0825,215.0,4.0,34.0,15.0,8.0,255.0,60.0,0.0,0.0,0.0,36.7423,28.0,25.1448,1.0,0.0,0.0,0.0,0.0,0.0,0.0,0.0,0.0,0.0,0.0,0.0,0.0,0.0,0.0,0.0,0.0,0.0,N.A.,0.0,N.A.,0.0,0.0,0.0,0.0,0.2563,,0.0,0.0,0.0,0.0,0.0,0.0,0.0,0.0,0.0,0.0,0.0,0.0,0.0,0.0,0.0,0.0,0.0,0.0,0.0,0.0,0.0,0.0,0.0,0.0,0.0,0.0,0.0,0.0,0.0,Standby,Enabled,Not triggered,0.0,Not triggered,0.0,Not triggered,0.0,0.0,0.0,Not triggered,Not triggered,0.0,0.0,0.0,0.0,0.0,0.0,0.0,0.0,0.0,0.0,0.0,0.0,0.0,0.0,0.0,0.0,0.0,0.0,0.0,0.0,0.0,0.0,0.0,0.0
avg_18,25-02-2026 10:19:00,25-02-2026,T-001,COMP-01,RUN-A,SENS-01,can_log_25022026_100224.csv,1664,2026-10-06T05:37:42.773020+00:00,Matched,OK,0.0,0.0,0.0,0.0,0.0,,0.0,0.0,0.0,0.0,0.0,0.0,0.0,190.0,-50.0,0.0,0.0,0.0,STOP,0.0,0.0,0.0,0.0,0.0,0.0,,25-02-2026 10:19:00:041,0.0,-58.0,,0.0,1692.0619,215.0,4.0,34.0,15.0,8.0,255.0,60.0,0.0,0.0,0.0,36.8969,28.0,25.1474,1.0,0.0,0.0,0.0,0.0,0.0,0.0,0.0,0.0,0.0,0.0,0.0,0.0,0.0,0.0,0.0,0.0,0.0,N.A.,0.0,N.A.,0.0,0.0,0.0,0.0,0.2565,,0.0,0.0,0.0,0.0,0.0,0.0,0.0,0.0,0.0,0.0,0.0,0.0,0.0,0.0,0.0,0.0,0.0,0.0,0.0,0.0,0.0,0.0,0.0,0.0,0.0,0.0,0.0,0.0,0.0,Standby,Enabled,Not triggered,0.0,Not triggered,0.0,Not triggered,0.0,0.0,0.0,Not triggered,Not triggered,0.0,0.0,0.0,0.0,0.0,0.0,0.0,0.0,0.0,0.0,0.0,0.0,0.0,0.0,0.0,0.0,0.0,0.0,0.0,0.0,0.0,0.0,0.0,0.0
avg_19,25-02-2026 10:20:00,25-02-2026,T-001,COMP-01,RUN-A,SENS-01,can_log_25022026_100224.csv,1761,2026-10-06T05:37:42.786574+00:00,Matched,OK,0.0,0.0,0.0,0.0,0.0,,0.0,0.0,0.0,0.0,0.0,0.0,0.0,190.0,-50.0,0.0,0.0,0.0,STOP,0.0,0.0,0.0,0.0,0.0,0.0,,25-02-2026 10:20:00:046,0.0,-58.0,,0.0,1789.5306,215.0,4.0,34.0,15.0,8.0,255.0,60.0,0.0,0.0,0.0,36.7959,28.0,25.15,1.0,0.0,0.0,0.0,0.0,0.0,0.0,0.0,0.0,0.0,0.0,0.0,0.0,0.0,0.0,0.0,0.0,0.0,N.A.,0.0,N.A.,0.0,0.0,0.0,0.0,0.2565,,0.0,0.0,0.0,0.0,0.0,0.0,0.0,0.0,0.0,0.0,0.0,0.0,0.0,0.0,0.0,0.0,0.0,0.0,0.0,0.0,0.0,0.0,0.0,0.0,0.0,0.0,0.0,0.0,0.0,Standby,Enabled,Not triggered,0.0,Not triggered,0.0,Not triggered,0.0,0.0,0.0,Not triggered,Not triggered,0.0,0.0,0.0,0.0,0.0,0.0,0.0,0.0,0.0,0.0,0.0,0.0,0.0,0.0,0.0,0.0,0.0,0.0,0.0,0.0,0.0,0.0,0.0,0.0
avg_20,25-02-2026 10:21:00,25-02-2026,T-001,COMP-01,RUN-A,SENS-01,can_log_25022026_100224.csv,1859,2026-10-06T05:37:42.800479+00:00,Matched,OK,0.0,0.0,0.0,0.0,0.0,,0.0,0.0,0.0,0.0,0.0,0.0,0.0,190.0,-50.0,0.0,0.0,0.0,STOP,0.0,0.0,0.0,0.0,0.0,0.0,,25-02-2026 10:21:00:049,0.0,-58.0,,0.0,1888.2451,215.0,4.0,34.0,15.0,8.0,255.0,60.0,0.0,0.0,0.0,36.951,28.0,25.15,1.0,0.0,0.0,0.0,0.0,0.0,0.0,0.0,0.0,0.0,0.0,0.0,0.0,0.0,0.0,0.0,0.0,0.0,N.A.,0.0,N.A.,0.0,0.0,0.0,0.0,0.2567,,0.0,0.0,0.0,0.0,0.0,0.0,0.0,0.0,0.0,0.0,0.0,0.0,0.0,0.0,0.0,0.0,0.0,0.0,0.0,0.0,0.0,0.0,0.0,0.0,0.0,0.0,0.0,0.0,0.0,Standby,Enabled,Not triggered,0.0,Not triggered,0.0,Not triggered,0.0,0.0,0.0,Not triggered,Not triggered,0.0,0.0,0.0,0.0,0.0,0.0,0.0,0.0,0.0,0.0,0.0,0.0,0.0,0.0,0.0,0.0,0.0,0.0,0.0,0.0,0.0,0.0,0.0,0.0
avg_21,25-02-2026 10:22:00,25-02-2026,T-001,COMP-01,RUN-A,SENS-01,can_log_25022026_100224.csv,1961,2026-10-06T05:37:42.814835+00:00,Matched,OK,0.0,0.0,0.0,0.0,0.0,,0.0,0.0,0.0,0.0,0.0,0.0,0.0,190.0,-50.0,0.0,0.0,0.0,STOP,0.0,0.0,0.0,0.0,0.0,0.0,,25-02-2026 10:22:00:044,0.0,-58.0,,0.0,1984.2315,215.0,4.0,34.0,15.0,8.0,255.0,60.0,0.0,0.0,0.0,37.0,28.0,25.1449,1.0,0.0,0.0,0.0,0.0,0.0,0.0,0.0,0.0,0.0,0.0,0.0,0.0,0.0,0.0,0.0,0.0,0.0,N.A.,0.0,N.A.,0.0,0.0,0.0,0.0,0.2563,,0.0,0.0,0.0,0.0,0.0,0.0,0.0,0.0,0.0,0.0,0.0,0.0,0.0,0.0,0.0,0.0,0.0,0.0,0.0,0.0,0.0,0.0,0.0,0.0,0.0,0.0,0.0,0.0,0.0,Standby,Enabled,Not triggered,0.0,Not triggered,0.0,Not triggered,0.0,0.0,0.0,Not triggered,Not triggered,0.0,0.0,0.0,0.0,0.0,0.0,0.0,0.0,0.0,0.0,0.0,0.0,0.0,0.0,0.0,0.0,0.0,0.0,0.0,0.0,0.0,0.0,0.0,0.0
avg_22,25-02-2026 10:23:00,25-02-2026,T-001,COMP-01,RUN-A,SENS-01,can_log_25022026_100224.csv,2069,2026-10-06T05:37:42.829718+00:00,Matched,OK,0.0,0.0,0.0,0.0,0.0,,0.0,0.0,0.0,0.0,0.0,0.0,0.0,190.0,-50.0,0.0,0.0,0.0,STOP,0.0,0.0,0.0,0.0,0.0,0.0,,25-02-2026 10:23:00:048,0.0,-58.0,,0.0,2081.8241,215.0,4.0,34.0,15.0,8.0,255.0,60.0,0.0,0.0,0.0,37.0,28.0,25.1412,1.0,0.0,0.0,0.0,0.0,0.0,0.0,0.0,0.0,0.0,0.0,0.0,0.0,0.0,0.0,0.0,0.0,0.0,N.A.,0.0,N.A.,0.0,0.0,0.0,0.0,0.2575,,0.0,0.0,0.0,0.0,0.0,0.0,0.0,0.0,0.0,0.0,0.0,0.0,0.0,0.0,0.0,0.0,0.0,0.0,0.0,0.0,0.0,0.0,0.0,0.0,0.0,0.0,0.0,0.0,0.0,Standby,Enabled,Not triggered,0.0,Not triggered,0.0,Not triggered,0.0,0.0,0.0,Not triggered,Not triggered,0.0,0.0,0.0,0.0,0.0,0.0,0.0,0.0,0.0,0.0,0.0,0.0,0.0,0.0,0.0,0.0,0.0,0.0,0.0,0.0,0.0,0.0,0.0,0.0
avg_23,25-02-2026 10:24:00,25-02-2026,T-001,COMP-01,RUN-A,SENS-01,can_log_25022026_100224.csv,2177,2026-10-06T05:37:42.844672+00:00,Matched,OK,0.0,0.0,0.0,0.0,0.0,,0.0,0.0,0.0,0.0,0.0,0.0,0.0,190.0,-50.0,0.0,0.0,0.0,STOP,0.0,0.0,0.0,0.0,0.0,0.0,,25-02-2026 10:24:00:042,0.0,-58.0,,0.0,2179.4722,215.0,4.0,34.0,15.0,8.0,255.0,60.0,0.0,0.0,0.0,37.0,28.0,25.1431,1.0,0.0,0.0,0.0,0.0,0.0,0.0,0.0,0.0,0.0,0.0,0.0,0.0,0.0,0.0,0.0,0.0,0.0,N.A.,0.0,N.A.,0.0,0.0,0.0,0.0,0.2571,,0.0,0.0,0.0,0.0,0.0,0.0,0.0,0.0,0.0,0.0,0.0,0.0,0.0,0.0,0.0,0.0,0.0,0.0,0.0,0.0,0.0,0.0,0.0,0.0,0.0,0.0,0.0,0.0,0.0,Standby,Enabled,Not triggered,0.0,Not triggered,0.0,Not triggered,0.0,0.0,0.0,Not triggered,Not triggered,0.0,0.0,0.0,0.0,0.0,0.0,0.0,0.0,0.0,0.0,0.0,0.0,0.0,0.0,0.0,0.0,0.0,0.0,0.0,0.0,0.0,0.0,0.0,0.0
avg_24,25-02-2026 10:25:00,25-02-2026,T-001,COMP-01,RUN-A,SENS-01,can_log_25022026_100224.csv,2285,2026-10-06T05:37:42.859671+00:00,Matched,OK,0.0,0.0,0.0,0.0,0.0,,0.0,0.0,0.0,0.0,0.0,0.0,0.0,190.0,-50.0,0.0,0.0,0.0,STOP,0.0,0.0,0.0,0.0,0.0,0.0,,25-02-2026 10:25:00:052,0.0,-58.0,,0.0,2276.9907,215.0,4.0,34.0,15.0,8.0,255.0,60.0,0.0,0.0,0.0,37.0,28.0,25.1523,1.0,0.0,0.0,0.0,0.0,0.0,0.0,0.0,0.0,0.0,0.0,0.0,0.0,0.0,0.0,0.0,0.0,0.0,N.A.,0.0,N.A.,0.0,0.0,0.0,0.0,0.2573,,0.0,0.0,0.0,0.0,0.0,0.0,0.0,0.0,0.0,0.0,0.0,0.0,0.0,0.0,0.0,0.0,0.0,0.0,0.0,0.0,0.0,0.0,0.0,0.0,0.0,0.0,0.0,0.0,0.0,Standby,Enabled,Not triggered,0.0,Not triggered,0.0,Not triggered,0.0,0.0,0.0,Not triggered,Not triggered,0.0,0.0,0.0,0.0,0.0,0.0,0.0,0.0,0.0,0.0,0.0,0.0,0.0,0.0,0.0,0.0,0.0,0.0,0.0,0.0,0.0,0.0,0.0,0.0
avg_25,25-02-2026 10:26:00,25-02-2026,T-001,COMP-01,RUN-A,SENS-01,can_log_25022026_100224.csv,2393,2026-10-06T05:37:42.874783+00:00,Matched,OK,0.0,0.0,0.0,0.0,0.0,,0.0,0.0,0.0,0.0,0.0,0.0,0.0,190.0,-50.0,0.0,0.0,0.0,STOP,0.0,0.0,0.0,0.0,0.0,0.0,,25-02-2026 10:26:00:042,0.0,-58.0,,0.0,2375.5364,215.0,4.0,34.0,15.0,8.0,255.0,60.0,0.0,0.0,0.0,37.0,28.0,25.1477,1.0,0.0,0.0,0.0,0.0,0.0,0.0,0.0,0.0,0.0,0.0,0.0,0.0,0.0,0.0,0.0,0.0,0.0,N.A.,0.0,N.A.,0.0,0.0,0.0,0.0,0.258,,0.0,0.0,0.0,0.0,0.0,0.0,0.0,0.0,0.0,0.0,0.0,0.0,0.0,0.0,0.0,0.0,0.0,0.0,0.0,0.0,0.0,0.0,0.0,0.0,0.0,0.0,0.0,0.0,0.0,Standby,Enabled,Not triggered,0.0,Not triggered,0.0,Not triggered,0.0,0.0,0.0,Not triggered,Not triggered,0.0,0.0,0.0,0.0,0.0,0.0,0.0,0.0,0.0,0.0,0.0,0.0,0.0,0.0,0.0,0.0,0.0,0.0,0.0,0.0,0.0,0.0,0.0,0.0
avg_26,25-02-2026 10:27:00,25-02-2026,T-001,COMP-01,RUN-A,SENS-01,can_log_25022026_100224.csv,2503,2026-10-06T05:37:42.890009+00:00,Matched,OK,0.0,0.0,0.0,0.0,0.0,,0.0,0.0,0.0,0.0,0.0,0.0,0.0,190.0,-50.0,0.0,0.0,0.0,STOP,0.0,0.0,0.0,0.0,0.0,0.0,,25-02-2026 10:27:00:455,0.0,-58.0,,0.0,2475.3514,215.0,4.0,34.0,15.0,8.0,255.0,60.0,0.0,0.0,0.0,37.0,28.0,25.1477,1.0,0.0,0.0,0.0,0.0,0.0,0.0,0.0,0.0,0.0,0.0,0.0,0.0,0.0,0.0,0.0,0.0,0.0,N.A.,0.0,N.A.,0.0,0.0,0.0,0.0,0.2585,,0.0,0.0,0.0,0.0,0.0,0.0,0.0,0.0,0.0,0.0,0.0,0.0,0.0,0.0,0.0,0.0,0.0,0.0,0.0,0.0,0.0,0.0,0.0,0.0,0.0,0.0,0.0,0.0,0.0,Standby,Enabled,Not triggered,0.0,Not triggered,0.0,Not triggered,0.0,0.0,0.0,Not triggered,Not triggered,0.0,0.0,0.0,0.0,0.0,0.0,0.0,0.0,0.0,0.0,0.0,0.0,0.0,0.0,0.0,0.0,0.0,0.0,0.0,0.0,0.0,0.0,0.0,0.0
avg_27,25-02-2026 10:28:00,25-02-2026,T-001,COMP-01,RUN-A,SENS-01,can_log_25022026_100224.csv,2614,2026-10-06T05:37:42.905491+00:00,Matched,OK,0.0,0.0,0.0,0.0,0.0,,0.0,0.0,0.0,0.0,0.0,0.0,0.0,190.0,-50.0,0.0,0.0,0.0,STOP,0.0,0.0,0.0,0.0,0.0,0.0,,25-02-2026 10:28:01:052,0.0,-58.0,,0.0,2575.5766,215.0,4.0,34.0,15.0,8.0,255.0,60.0,0.0,0.0,0.0,37.0,28.0,25.1432,1.0,0.0,0.0,0.0,0.0,0.0,0.0,0.0,0.0,0.0,0.0,0.0,0.0,0.0,0.0,0.0,0.0,0.0,N.A.,0.0,N.A.,0.0,0.0,0.0,0.0,0.2582,,0.0,0.0,0.0,0.0,0.0,0.0,0.0,0.0,0.0,0.0,0.0,0.0,0.0,0.0,0.0,0.0,0.0,0.0,0.0,0.0,0.0,0.0,0.0,0.0,0.0,0.0,0.0,0.0,0.0,Standby,Enabled,Not triggered,0.0,Not triggered,0.0,Not triggered,0.0,0.0,0.0,Not triggered,Not triggered,0.0,0.0,0.0,0.0,0.0,0.0,0.0,0.0,0.0,0.0,0.0,0.0,0.0,0.0,0.0,0.0,0.0,0.0,0.0,0.0,0.0,0.0,0.0,0.0
avg_28,25-02-2026 10:29:00,25-02-2026,T-001,COMP-01,RUN-A,SENS-01,can_log_25022026_100224.csv,2725,2026-10-06T05:37:42.920898+00:00,Matched,OK,0.0,0.0,0.0,0.0,0.0,,0.0,0.0,0.0,0.0,0.0,0.0,0.0,190.0,-50.0,0.0,0.0,0.0,STOP,0.0,0.0,0.0,0.0,0.0,0.0,,25-02-2026 10:29:01:647,0.0,-58.0,,0.0,2675.8919,215.0,4.0,34.0,15.0,8.0,255.0,60.0,0.0,0.0,0.0,37.0,28.0,25.1441,1.0,0.0,0.0,0.0,0.0,0.0,0.0,0.0,0.0,0.0,0.0,0.0,0.0,0.0,0.0,0.0,0.0,0.0,N.A.,0.0,N.A.,0.0,0.0,0.0,0.0,0.2585,,0.0,0.0,0.0,0.0,0.0,0.0,0.0,0.0,0.0,0.0,0.0,0.0,0.0,0.0,0.0,0.0,0.0,0.0,0.0,0.0,0.0,0.0,0.0,0.0,0.0,0.0,0.0,0.0,0.0,Standby,Enabled,Not triggered,0.0,Not triggered,0.0,Not triggered,0.0,0.0,0.0,Not triggered,Not triggered,0.0,0.0,0.0,0.0,0.0,0.0,0.0,0.0,0.0,0.0,0.0,0.0,0.0,0.0,0.0,0.0,0.0,0.0,0.0,0.0,0.0,0.0,0.0,0.0
avg_29,25-02-2026 10:30:00,25-02-2026,T-001,COMP-01,RUN-A,SENS-01,can_log_25022026_100224.csv,2836,2026-10-06T05:37:42.936158+00:00,Matched,OK,0.0,0.0,0.0,0.0,0.0,,0.0,0.0,0.0,0.0,0.0,0.0,0.0,190.0,-50.0,0.0,0.0,0.0,STOP,0.0,0.0,0.0,0.0,0.0,0.0,,25-02-2026 10:30:02:241,0.0,-58.0,,0.0,2775.6818,215.0,4.0,34.0,15.0,8.0,255.0,60.0,0.0,0.0,0.0,37.0,28.0,25.1432,1.0,0.0,0.0,0.0,0.0,0.0,0.0,0.0,0.0,0.0,0.0,0.0,0.0,0.0,0.0,0.0,0.0,0.0,N.A.,0.0,N.A.,0.0,0.0,0.0,0.0,0.2587,,0.0,0.0,0.0,0.0,0.0,0.0,0.0,0.0,0.0,0.0,0.0,0.0,0.0,0.0,0.0,0.0,0.0,0.0,0.0,0.0,0.0,0.0,0.0,0.0,0.0,0.0,0.0,0.0,0.0,Standby,Enabled,Not triggered,0.0,Not triggered,0.0,Not triggered,0.0,0.0,0.0,Not triggered,Not triggered,0.0,0.0,0.0,0.0,0.0,0.0,0.0,0.0,0.0,0.0,0.0,0.0,0.0,0.0,0.0,0.0,0.0,0.0,0.0,0.0,0.0,0.0,0.0,0.0
avg_30,25-02-2026 10:31:00,25-02-2026,T-001,COMP-01,RUN-A,SENS-01,can_log_25022026_100224.csv,2946,2026-10-06T05:37:42.951310+00:00,Matched,OK,0.0,0.0,0.0,0.0,0.0,,0.0,0.0,0.0,0.0,0.0,0.0,0.0,190.0,-50.0,0.0,0.0,0.0,STOP,0.0,0.0,0.0,0.0,0.0,0.0,,25-02-2026 10:31:02:651,0.0,-58.0,,0.0,2875.6486,215.0,4.0,34.0,15.0,8.0,255.0,60.0,0.0,0.0,0.0,37.0,28.0,25.1559,1.0,0.0,0.0,0.0,0.0,0.0,0.0,0.0,0.0,0.0,0.0,0.0,0.0,0.0,0.0,0.0,0.0,0.0,N.A.,0.0,N.A.,0.0,0.0,0.0,0.0,0.2585,,0.0,0.0,0.0,0.0,0.0,0.0,0.0,0.0,0.0,0.0,0.0,0.0,0.0,0.0,0.0,0.0,0.0,0.0,0.0,0.0,0.0,0.0,0.0,0.0,0.0,0.0,0.0,0.0,0.0,Standby,Enabled,Not triggered,0.0,Not triggered,0.0,Not triggered,0.0,0.0,0.0,Not triggered,Not triggered,0.0,0.0,0.0,0.0,0.0,0.0,0.0,0.0,0.0,0.0,0.0,0.0,0.0,0.0,0.0,0.0,0.0,0.0,0.0,0.0,0.0,0.0,0.0,0.0
avg_31,25-02-2026 10:32:00,25-02-2026,T-001,COMP-01,RUN-A,SENS-01,can_log_25022026_100224.csv,3057,2026-10-06T05:37:42.966869+00:00,Matched,OK,0.0,0.0,0.0,0.0,0.0,,0.0,0.0,0.0,0.0,0.0,0.0,0.0,190.0,-50.0,0.0,0.0,0.0,STOP,0.0,0.0,0.0,0.0,0.0,0.0,,25-02-2026 10:32:03:240,0.0,-58.0,,0.0,2975.9459,215.0,4.0,34.0,15.0,8.0,255.0,60.0,0.0,0.0,0.0,37.0,28.0,25.15,1.0,0.0,0.0,0.0,0.0,0.0,0.0,0.0,0.0,0.0,0.0,0.0,0.0,0.0,0.0,0.0,0.0,0.0,N.A.,0.0,N.A.,0.0,0.0,0.0,0.0,0.2588,,0.0,0.0,0.0,0.0,0.0,0.0,0.0,0.0,0.0,0.0,0.0,0.0,0.0,0.0,0.0,0.0,0.0,0.0,0.0,0.0,0.0,0.0,0.0,0.0,0.0,0.0,0.0,0.0,0.0,Standby,Enabled,Not triggered,0.0,Not triggered,0.0,Not triggered,0.0,0.0,0.0,Not triggered,Not triggered,0.0,0.0,0.0,0.0,0.0,0.0,0.0,0.0,0.0,0.0,0.0,0.0,0.0,0.0,0.0,0.0,0.0,0.0,0.0,0.0,0.0,0.0,0.0,0.0
avg_32,25-02-2026 10:33:00,25-02-2026,T-001,COMP-01,RUN-A,SENS-01,can_log_25022026_100224.csv,3168,2026-10-06T05:37:42.982357+00:00,Matched,OK,0.0,0.0,0.0,0.0,0.0,,0.0,0.0,0.0,0.0,0.0,0.0,0.0,190.0,-50.0,0.0,0.0,0.0,STOP,0.0,0.0,0.0,0.0,0.0,0.0,,25-02-2026 10:33:03:841,0.0,-58.0,,0.0,3076.2072,215.0,4.0,34.0,15.0,8.0,255.0,60.0,0.0,0.0,0.0,37.0,28.991,25.1419,1.0,0.0,0.0,0.0,0.0,0.0,0.0,0.0,0.0,0.0,0.0,0.0,0.0,0.0,0.0,0.0,0.0,0.0,N.A.,0.0,N.A.,0.0,0.0,0.0,0.0,0.259,,0.0,0.0,0.0,0.0,0.0,0.0,0.0,0.0,0.0,0.0,0.0,0.0,0.0,0.0,0.0,0.0,0.0,0.0,0.0,0.0,0.0,0.0,0.0,0.0,0.0,0.0,0.0,0.0,0.0,Standby,Enabled,Not triggered,0.0,Not triggered,0.0,Not triggered,0.0,0.0,0.0,Not triggered,Not triggered,0.0,0.0,0.0,0.0,0.0,0.0,0.0,0.0,0.0,0.0,0.0,0.0,0.0,0.0,0.0,0.0,0.0,0.0,0.0,0.0,0.0,0.0,0.0,0.0
avg_33,25-02-2026 10:34:00,25-02-2026,T-001,COMP-01,RUN-A,SENS-01,can_log_25022026_100224.csv,3279,2026-10-06T05:37:42.997720+00:00,Matched,OK,0.0,0.0,0.0,0.0,0.0,,0.0,0.0,0.0,0.0,0.0,0.0,0.0,190.0,-50.0,0.0,0.0,0.0,STOP,0.0,0.0,0.0,0.0,0.0,0.0,,25-02-2026 10:34:04:443,0.0,-58.0,,0.0,3176.1091,215.0,4.0,34.0,15.0,8.0,255.0,60.0,0.0,0.0,0.0,37.0,28.0,25.1436,1.0,0.0,0.0,0.0,0.0,0.0,0.0,0.0,0.0,0.0,0.0,0.0,0.0,0.0,0.0,0.0,0.0,0.0,N.A.,0.0,N.A.,0.0,0.0,0.0,0.0,0.2597,,0.0,0.0,0.0,0.0,0.0,0.0,0.0,0.0,0.0,0.0,0.0,0.0,0.0,0.0,0.0,0.0,0.0,0.0,0.0,0.0,0.0,0.0,0.0,0.0,0.0,0.0,0.0,0.0,0.0,Standby,Enabled,Not triggered,0.0,Not triggered,0.0,Not triggered,0.0,0.0,0.0,Not triggered,Not triggered,0.0,0.0,0.0,0.0,0.0,0.0,0.0,0.0,0.0,0.0,0.0,0.0,0.0,0.0,0.0,0.0,0.0,0.0,0.0,0.0,0.0,0.0,0.0,0.0
avg_34,25-02-2026 10:35:00,25-02-2026,T-001,COMP-01,RUN-A,SENS-01,can_log_25022026_100224.csv,3389,2026-10-06T05:37:43.012895+00:00,Matched,OK,0.0,0.0,0.0,0.0,0.0,,0.0,0.0,0.0,0.0,0.0,0.0,0.0,190.0,-50.0,0.0,0.0,0.0,STOP,0.0,0.0,0.0,0.0,0.0,0.0,,25-02-2026 10:35:04:842,0.0,-58.0,,0.0,3275.8649,215.0,4.0,34.0,15.0,8.0,255.0,60.0,0.0,0.0,0.0,37.0,28.0,25.141,1.0,0.0,0.0,0.0,0.0,0.0,0.0,0.0,0.0,0.0,0.0,0.0,0.0,0.0,0.0,0.0,0.0,0.0,N.A.,0.0,N.A.,0.0,0.0,0.0,0.0,0.2602,,0.0,0.0,0.0,0.0,0.0,0.0,0.0,0.0,0.0,0.0,0.0,0.0,0.0,0.0,0.0,0.0,0.0,0.0,0.0,0.0,0.0,0.0,0.0,0.0,0.0,0.0,0.0,0.0,0.0,Standby,Enabled,Not triggered,0.0,Not triggered,0.0,Not triggered,0.0,0.0,0.0,Not triggered,Not triggered,0.0,0.0,0.0,0.0,0.0,0.0,0.0,0.0,0.0,0.0,0.0,0.0,0.0,0.0,0.0,0.0,0.0,0.0,0.0,0.0,0.0,0.0,0.0,0.0
avg_35,25-02-2026 10:36:00,25-02-2026,T-001,COMP-01,RUN-A,SENS-01,can_log_25022026_100224.csv,3500,2026-10-06T05:37:43.028686+00:00,Matched,OK,0.0,0.0,0.0,0.0,0.0,,0.0,0.0,0.0,0.0,0.0,0.0,0.0,190.0,-50.0,0.0,0.0,0.0,STOP,0.0,0.0,0.0,0.0,0.0,0.0,,25-02-2026 10:36:05:444,0.0,-58.0,,0.0,3376.1802,215.0,4.0,34.0,15.0,8.0,255.0,60.0,0.0,0.0,0.0,37.0,28.991,25.1523,1.0,0.0,0.0,0.0,0.0,0.0,0.0,0.0,0.0,0.0,0.0,0.0,0.0,0.0,0.0,0.0,0.0,0.0,N.A.,0.0,N.A.,0.0,0.0,0.0,0.0,0.2606,,0.0,0.0,0.0,0.0,0.0,0.0,0.0,0.0,0.0,0.0,0.0,0.0,0.0,0.0,0.0,0.0,0.0,0.0,0.0,0.0,0.0,0.0,0.0,0.0,0.0,0.0,0.0,0.0,0.0,Standby,Enabled,Not triggered,0.0,Not triggered,0.0,Not triggered,0.0,0.0,0.0,Not triggered,Not triggered,0.0,0.0,0.0,0.0,0.0,0.0,0.0,0.0,0.0,0.0,0.0,0.0,0.0,0.0,0.0,0.0,0.0,0.0,0.0,0.0,0.0,0.0,0.0,0.0
avg_36,25-02-2026 10:37:00,25-02-2026,T-001,COMP-01,RUN-A,SENS-01,can_log_25022026_100224.csv,3611,2026-10-06T05:37:43.044474+00:00,Matched,OK,0.0,0.0,0.0,0.0,0.0,,0.0,0.0,0.0,0.0,0.0,0.0,0.0,190.0,-50.0,0.0,0.0,0.0,STOP,0.0,0.0,0.0,0.0,0.0,0.0,,25-02-2026 10:37:06:038,0.0,-58.0,,0.0,3476.5856,215.0,4.0,34.0,15.0,8.0,255.0,60.0,0.0,0.0,0.0,37.0,28.0,25.0973,1.0,0.0,0.0,0.0,0.0,0.0,0.0,0.0,0.0,0.0,0.0,0.0,0.0,0.0,0.0,0.0,0.0,0.0,N.A.,0.0,N.A.,0.0,0.0,0.0,0.0,0.2622,,0.0,0.0,0.0,0.0,0.0,0.0,0.0,0.0,0.0,0.0,0.0,0.0,0.0,0.0,0.0,0.0,0.0,0.0,0.0,0.0,0.0,0.0,0.0,0.0,0.0,0.0,0.0,0.0,0.0,Standby,Enabled,Not triggered,0.0,Not triggered,0.0,Not triggered,0.0,0.0,0.0,Not triggered,Not triggered,0.0,0.0,0.0,0.0,0.0,0.0,0.0,0.0,0.0,0.0,0.0,0.0,0.0,0.0,0.0,0.0,0.0,0.0,0.0,0.0,0.0,0.0,0.0,0.0
avg_37,25-02-2026 10:38:00,25-02-2026,T-001,COMP-01,RUN-A,SENS-01,can_log_25022026_100224.csv,3722,2026-10-06T05:37:43.059892+00:00,Matched,OK,0.0,0.0,0.0,0.0,0.0,,0.0,0.0,0.0,0.0,0.0,0.0,0.0,190.0,-50.0,0.0,0.0,0.0,STOP,0.0,0.0,0.0,0.0,0.0,0.0,,25-02-2026 10:38:06:638,0.0,-58.0,,0.0,3576.8108,215.0,4.0,34.0,15.0,8.0,255.0,60.0,0.0,0.0,0.0,37.0,28.0,26.0649,1.0,0.0,0.0,0.0,0.0,0.0,0.0,0.0,0.0,0.0,0.0,0.0,0.0,0.0,0.0,0.0,0.0,0.0,N.A.,0.0,N.A.,0.0,0.0,0.0,0.0,0.2574,,0.0,0.0,0.0,0.0,0.0,0.0,0.0,0.0,0.0,0.0,0.0,0.0,0.0,0.0,0.0,0.0,0.0,0.0,0.0,0.0,0.0,0.0,0.0,0.0,0.0,0.0,0.0,0.0,0.0,Standby,Enabled,Not triggered,0.0,Not triggered,0.0,Not triggered,0.0,0.0,0.0,Not triggered,Not triggered,0.0,0.0,0.0,0.0,0.0,0.0,0.0,0.0,0.0,0.0,0.0,0.0,0.0,0.0,0.0,0.0,0.0,0.0,0.0,0.0,0.0,0.0,0.0,0.0
avg_38,25-02-2026 10:39:00,25-02-2026,T-001,COMP-01,RUN-A,SENS-01,can_log_25022026_100224.csv,3833,2026-10-06T05:37:43.075266+00:00,Matched,OK,0.0,0.0,0.0,0.0,0.0,,0.0,0.0,0.0,0.0,0.0,0.0,0.0,190.0,-50.0,0.0,0.0,0.0,STOP,0.0,0.0,0.0,0.0,0.0,0.0,,25-02-2026 10:39:07:251,0.0,-58.0,,0.0,3676.6818,215.0,4.0,34.0,15.0,8.0,255.0,60.0,0.0,0.0,0.0,37.0,28.0,27.7323,1.0,0.0,0.0,0.0,0.0,0.0,0.0,0.0,0.0,0.0,0.0,0.0,0.0,0.0,0.0,0.0,0.0,0.0,N.A.,0.0,N.A.,0.0,0.0,0.0,0.0,0.2457,,0.0,0.0,0.0,0.0,0.0,0.0,0.0,0.0,0.0,0.0,0.0,0.0,0.0,0.0,0.0,0.0,0.0,0.0,0.0,0.0,0.0,0.0,0.0,0.0,0.0,0.0,0.0,0.0,0.0,Standby,Enabled,Not triggered,0.0,Not triggered,0.0,Not triggered,0.0,0.0,0.0,Not triggered,Not triggered,0.0,0.0,0.0,0.0,0.0,0.0,0.0,0.0,0.0,0.0,0.0,0.0,0.0,0.0,0.0,0.0,0.0,0.0,0.0,0.0,0.0,0.0,0.0,0.0
avg_39,25-02-2026 10:40:00,25-02-2026,T-001,COMP-01,RUN-A,SENS-01,can_log_25022026_100224.csv,3943,2026-10-06T05:37:43.090748+00:00,Matched,OK,0.0,0.0,0.0,0.0,0.0,,0.0,0.0,0.0,0.0,0.0,0.0,0.0,190.0,-50.0,0.0,0.0,0.0,STOP,0.0,0.0,0.0,0.0,0.0,0.0,,25-02-2026 10:40:07:642,0.0,-58.0,,0.0,3776.5856,215.0,4.0,34.0,15.0,8.0,255.0,60.0,0.0,0.0,0.0,37.0,28.0,27.7608,1.0,0.0,0.0,0.0,0.0,0.0,0.0,0.0,0.0,0.0,0.0,0.0,0.0,0.0,0.0,0.0,0.0,0.0,N.A.,0.0,N.A.,0.0,0.0,0.0,0.0,0.247,,0.0,0.0,0.0,0.0,0.0,0.0,0.0,0.0,0.0,0.0,0.0,0.0,0.0,0.0,0.0,0.0,0.0,0.0,0.0,0.0,0.0,0.0,0.0,0.0,0.0,0.0,0.0,0.0,0.0,Standby,Enabled,Not triggered,0.0,Not triggered,0.0,Not triggered,0.0,0.0,0.0,Not triggered,Not triggered,0.0,0.0,0.0,0.0,0.0,0.0,0.0,0.0,0.0,0.0,0.0,0.0,0.0,0.0,0.0,0.0,0.0,0.0,0.0,0.0,0.0,0.0,0.0,0.0
avg_40,25-02-2026 10:41:00,25-02-2026,T-001,COMP-01,RUN-A,SENS-01,can_log_25022026_100224.csv,4054,2026-10-06T05:37:43.106666+00:00,Matched,OK,0.0,0.0,0.0,0.0,0.0,,0.0,0.0,0.0,0.0,0.0,0.0,0.0,190.0,-50.0,0.0,0.0,0.0,STOP,0.0,0.0,0.0,0.0,0.0,0.0,,25-02-2026 10:41:08:245,0.0,-58.0,,0.0,3876.8378,215.0,4.0,34.0,15.0,8.0,255.0,60.0,0.0,0.0,0.0,37.0901,28.0,27.7626,1.0,0.0,0.0,0.0,0.0,0.0,0.0,0.0,0.0,0.0,0.0,0.0,0.0,0.0,0.0,0.0,0.0,0.0,N.A.,0.0,N.A.,0.0,0.0,0.0,0.0,0.2462,,0.0,0.0,0.0,0.0,0.0,0.0,0.0,0.0,0.0,0.0,0.0,0.0,0.0,0.0,0.0,0.0,0.0,0.0,0.0,0.0,0.0,0.0,0.0,0.0,0.0,0.0,0.0,0.0,0.0,Standby,Enabled,Not triggered,0.0,Not triggered,0.0,Not triggered,0.0,0.0,0.0,Not triggered,Not triggered,0.0,0.0,0.0,0.0,0.0,0.0,0.0,0.0,0.0,0.0,0.0,0.0,0.0,0.0,0.0,0.0,0.0,0.0,0.0,0.0,0.0,0.0,0.0,0.0
avg_41,25-02-2026 10:42:00,25-02-2026,T-001,COMP-01,RUN-A,SENS-01,can_log_25022026_100224.csv,4165,2026-10-06T05:37:43.122327+00:00,Matched,OK,0.0,0.0,0.0,0.0,0.0,,0.0,0.0,0.0,0.0,0.0,0.0,0.0,190.0,-50.0,0.0,0.0,0.0,STOP,0.0,0.0,0.0,0.0,0.0,0.0,,25-02-2026 10:42:09:451,0.0,-58.0,,0.0,3978.4653,215.0,4.0,34.0,15.0,8.0,255.0,60.0,0.0,0.0,0.0,37.6931,28.0,27.7366,1.0,0.0,0.0,0.0,0.0,0.0,0.0,0.0,0.0,0.0,0.0,0.0,0.0,0.0,0.0,0.0,0.0,0.0,N.A.,0.0,N.A.,0.0,0.0,0.0,0.0,0.2466,,0.0,0.0,0.0,0.0,0.0,0.0,0.0,0.0,0.0,0.0,0.0,0.0,0.0,0.0,0.0,0.0,0.0,0.0,0.0,0.0,0.0,0.0,0.0,0.0,0.0,0.0,0.0,0.0,0.0,Standby,Enabled,Not triggered,0.0,Not triggered,0.0,Not triggered,0.0,0.0,0.0,Not triggered,Not triggered,0.0,0.0,0.0,0.0,0.0,0.0,0.0,0.0,0.0,0.0,0.0,0.0,0.0,0.0,0.0,0.0,0.0,0.0,0.0,0.0,0.0,0.0,0.0,0.0
avg_42,25-02-2026 10:43:00,25-02-2026,T-001,COMP-01,RUN-A,SENS-01,can_log_25022026_100224.csv,4266,2026-10-06T05:37:43.136654+00:00,Matched,OK,0.0,0.0,0.0,0.0,0.0,,0.0,0.0,0.0,0.0,0.0,0.0,0.0,190.0,-50.0,0.0,0.0,0.0,STOP,0.0,0.0,0.0,0.0,0.0,0.0,,25-02-2026 10:43:09:843,0.0,-58.0,,0.0,4077.65,215.0,4.0,34.0,15.0,8.0,255.0,60.0,0.0,0.0,0.0,37.58,28.0,27.74,1.0,0.0,0.0,0.0,0.0,0.0,0.0,0.0,0.0,0.0,0.0,0.0,0.0,0.0,0.0,0.0,0.0,0.0,N.A.,0.0,N.A.,0.0,0.0,0.0,0.0,0.2468,,0.0,0.0,0.0,0.0,0.0,0.0,0.0,0.0,0.0,0.0,0.0,0.0,0.0,0.0,0.0,0.0,0.0,0.0,0.0,0.0,0.0,0.0,0.0,0.0,0.0,0.0,0.0,0.0,0.0,Standby,Enabled,Not triggered,0.0,Not triggered,0.0,Not triggered,0.0,0.0,0.0,Not triggered,Not triggered,0.0,0.0,0.0,0.0,0.0,0.0,0.0,0.0,0.0,0.0,0.0,0.0,0.0,0.0,0.0,0.0,0.0,0.0,0.0,0.0,0.0,0.0,0.0,0.0
avg_43,25-02-2026 10:44:00,25-02-2026,T-001,COMP-01,RUN-A,SENS-01,can_log_25022026_100224.csv,4366,2026-10-06T05:37:43.150719+00:00,Matched,OK,0.0,0.0,0.0,0.0,0.0,,0.0,0.0,0.0,0.0,0.0,0.0,0.0,190.0,-50.0,0.0,0.0,0.0,STOP,0.0,0.0,0.0,0.0,0.0,0.0,,25-02-2026 10:44:00:038,0.0,-58.0,,0.0,4175.6162,215.0,4.0,34.0,15.0,8.0,255.0,60.0,0.0,0.0,0.0,38.1717,29.0303,27.7505,1.0,0.0,0.0,0.0,0.0,0.0,0.0,0.0,0.0,0.0,0.0,0.0,0.0,0.0,0.0,0.0,0.0,0.0,N.A.,0.0,N.A.,0.0,0.0,0.0,0.0,0.2473,,0.0,0.0,0.0,0.0,0.0,0.0,0.0,0.0,0.0,0.0,0.0,0.0,0.0,0.0,0.0,0.0,0.0,0.0,0.0,0.0,0.0,0.0,0.0,0.0,0.0,0.0,0.0,0.0,0.0,Standby,Enabled,Not triggered,0.0,Not triggered,0.0,Not triggered,0.0,0.0,0.0,Not triggered,Not triggered,0.0,0.0,0.0,0.0,0.0,0.0,0.0,0.0,0.0,0.0,0.0,0.0,0.0,0.0,0.0,0.0,0.0,0.0,0.0,0.0,0.0,0.0,0.0,0.0
avg_44,25-02-2026 10:45:00,25-02-2026,T-001,COMP-01,RUN-A,SENS-01,can_log_25022026_100224.csv,4465,2026-10-06T05:37:43.164498+00:00,Matched,OK,0.0,0.0,0.0,0.0,0.0,,0.0,0.0,0.0,0.0,0.0,0.0,0.0,190.0,-50.0,0.0,0.0,0.0,STOP,0.0,0.0,0.0,0.0,0.0,0.0,,25-02-2026 10:45:00:042,0.0,-58.0,,0.0,4272.9796,215.0,4.0,34.0,15.0,8.0,255.0,60.0,0.0,0.0,0.0,38.4082,29.0408,27.7643,1.0,0.0,0.0,0.0,0.0,0.0,0.0,0.0,0.0,0.0,0.0,0.0,0.0,0.0,0.0,0.0,0.0,0.0,N.A.,0.0,N.A.,0.0,0.0,0.0,0.0,0.2473,,0.0,0.0,0.0,0.0,0.0,0.0,0.0,0.0,0.0,0.0,0.0,0.0,0.0,0.0,0.0,0.0,0.0,0.0,0.0,0.0,0.0,0.0,0.0,0.0,0.0,0.0,0.0,0.0,0.0,Standby,Enabled,Not triggered,0.0,Not triggered,0.0,Not triggered,0.0,0.0,0.0,Not triggered,Not triggered,0.0,0.0,0.0,0.0,0.0,0.0,0.0,0.0,0.0,0.0,0.0,0.0,0.0,0.0,0.0,0.0,0.0,0.0,0.0,0.0,0.0,0.0,0.0,0.0
avg_45,25-02-2026 10:46:00,25-02-2026,T-001,COMP-01,RUN-A,SENS-01,can_log_25022026_100224.csv,4563,2026-10-06T05:37:43.178131+00:00,Matched,OK,0.0,0.0,0.0,0.0,0.0,,0.0,0.0,0.0,0.0,0.0,0.0,0.0,190.0,-50.0,0.0,0.0,0.0,STOP,0.0,0.0,0.0,0.0,0.0,0.0,,25-02-2026 10:46:00:041,0.0,-58.0,,0.0,4370.1414,215.0,4.0,34.0,15.0,8.0,255.0,60.0,0.0,0.0,0.0,38.7576,29.0101,27.7566,1.0,0.0,0.0,0.0,0.0,0.0,0.0,0.0,0.0,0.0,0.0,0.0,0.0,0.0,0.0,0.0,0.0,0.0,N.A.,0.0,N.A.,0.0,0.0,0.0,0.0,0.247,,0.0,0.0,0.0,0.0,0.0,0.0,0.0,0.0,0.0,0.0,0.0,0.0,0.0,0.0,0.0,0.0,0.0,0.0,0.0,0.0,0.0,0.0,0.0,0.0,0.0,0.0,0.0,0.0,0.0,Standby,Enabled,Not triggered,0.0,Not triggered,0.0,Not triggered,0.0,0.0,0.0,Not triggered,Not triggered,0.0,0.0,0.0,0.0,0.0,0.0,0.0,0.0,0.0,0.0,0.0,0.0,0.0,0.0,0.0,0.0,0.0,0.0,0.0,0.0,0.0,0.0,0.0,0.0
avg_46,25-02-2026 10:47:00,25-02-2026,T-001,COMP-01,RUN-A,SENS-01,can_log_25022026_100224.csv,4662,2026-10-06T05:37:43.191974+00:00,Matched,OK,0.0,0.0,0.0,0.0,0.0,,0.0,0.0,0.0,0.0,0.0,0.0,0.0,190.0,-50.0,0.0,0.0,0.0,STOP,0.0,0.0,0.0,0.0,0.0,0.0,,25-02-2026 10:47:00:038,0.0,-58.0,,0.0,4467.7576,215.0,4.0,34.0,15.0,8.0,255.0,60.0,0.0,0.0,0.0,38.4747,29.0303,27.7566,1.0,0.0,0.0,0.0,0.0,0.0,0.0,0.0,0.0,0.0,0.0,0.0,0.0,0.0,0.0,0.0,0.0,0.0,N.A.,0.0,N.A.,0.0,0.0,0.0,0.0,0.2483,,0.0,0.0,0.0,0.0,0.0,0.0,0.0,0.0,0.0,0.0,0.0,0.0,0.0,0.0,0.0,0.0,0.0,0.0,0.0,0.0,0.0,0.0,0.0,0.0,0.0,0.0,0.0,0.0,0.0,Standby,Enabled,Not triggered,0.0,Not triggered,0.0,Not triggered,0.0,0.0,0.0,Not triggered,Not triggered,0.0,0.0,0.0,0.0,0.0,0.0,0.0,0.0,0.0,0.0,0.0,0.0,0.0,0.0,0.0,0.0,0.0,0.0,0.0,0.0,0.0,0.0,0.0,0.0
avg_47,25-02-2026 10:48:00,25-02-2026,T-001,COMP-01,RUN-A,SENS-01,can_log_25022026_100224.csv,4761,2026-10-06T05:37:43.205721+00:00,Matched,OK,0.0,0.0,0.0,0.0,0.0,,0.0,0.0,0.0,0.0,0.0,0.0,0.0,190.0,-50.0,0.0,0.0,0.0,STOP,0.0,0.0,0.0,0.0,0.0,0.0,,25-02-2026 10:48:00:040,0.0,-58.0,,0.0,4535.0541,215.0,4.0,34.0,15.0,8.0,255.0,60.0,0.0,0.0,0.0,38.4595,28.0,27.7676,1.0,0.0,0.0,0.0,0.0,0.0,0.0,0.0,0.0,0.0,0.0,0.0,0.0,0.0,0.0,0.0,0.0,0.0,N.A.,0.0,N.A.,0.0,0.0,0.0,0.0,0.2484,,0.0,0.0,0.0,0.0,0.0,0.0,0.0,0.0,0.0,0.0,0.0,0.0,0.0,0.0,0.0,0.0,0.0,0.0,0.0,0.0,0.0,0.0,0.0,0.0,0.0,0.0,0.0,0.0,0.0,Standby,Enabled,Not triggered,0.0,Not triggered,0.0,Not triggered,0.0,0.0,0.0,Not triggered,Not triggered,0.0,0.0,0.0,0.0,0.0,0.0,0.0,0.0,0.0,0.0,0.0,0.0,0.0,0.0,0.0,0.0,0.0,0.0,0.0,0.0,0.0,0.0,0.0,0.0
avg_48,25-02-2026 17:23:00,25-02-2026,T-001,COMP-01,RUN-A,SENS-01,can_log_25022026_172337.csv,4798,2026-10-06T05:37:43.211877+00:00,Matched,OK,0.0,0.0,0.0,0.0,0.0,,0.0,0.0,0.0,0.0,0.0,0.0,0.0,80.3846,-21.1538,0.0,0.0,0.0,STOP,0.0,0.0,0.0,0.0,0.0,0.0,,25-02-2026 17:23:37:771,0.0,-24.5385,,0.0,5.9615,124.0385,2.1538,18.3077,8.0769,4.3077,137.3077,34.6154,0.0,0.0,0.0,24.6154,20.3077,14.5481,0.5769,0.0,0.0,0.0,0.0,0.0,0.0,0.0,0.0,0.0,0.0,0.0,0.0,0.0,0.0,0.0,0.0,0.0,0.0,0.0,0.0,0.0,0.0,0.0,0.0,0.1056,R,0.0,0.0,0.0,0.0,0.0,0.0,0.0,0.0,0.0,0.0,0.0,0.0,0.0,0.0,0.0,0.0,0.0,0.0,0.0,0.0,0.0,0.0,0.0,0.0,0.0,0.0,0.0,0.0,0.0,Standby,Enabled,Not triggered,0.0,Not triggered,0.0,Not triggered,0.0,0.0,0.0,Not triggered,Not triggered,0.0,0.0,0.0,0.0,0.0,0.0,0.0,0.0,0.0,0.0,0.0,0.0,0.0,0.0,0.0,0.0,0.0,0.0,0.0,0.0,0.0,0.0,0.0,0.0
avg_49,25-02-2026 17:24:00,25-02-2026,T-001,COMP-01,RUN-A,SENS-01,can_log_25022026_172337.csv,4824,2026-10-06T05:37:43.215612+00:00,Matched,OK,0.0,0.0,0.0,0.0,0.0,,0.0,0.0,0.0,0.0,0.0,0.0,0.0,190.0,-50.0,0.0,0.0,0.0,STOP,0.0,0.0,0.0,0.0,0.0,0.0,,25-02-2026 17:24:00:032,0.0,-58.0,,0.0,66.5816,215.0,4.0,34.0,15.0,8.0,255.0,60.0,0.0,0.0,0.0,40.0,33.0,26.7265,1.0,0.0,0.0,0.0,0.0,0.0,0.0,0.0,0.0,0.0,0.0,0.0,0.0,0.0,0.0,0.0,0.0,0.0,N.A.,0.0,N.A.,0.0,0.0,0.0,0.0,0.2449,,0.0,0.0,0.0,0.0,0.0,0.0,0.0,0.0,0.0,0.0,0.0,0.0,0.0,0.0,0.0,0.0,0.0,0.0,0.0,0.0,0.0,0.0,0.0,0.0,0.0,0.0,0.0,0.0,0.0,Standby,Enabled,Not triggered,0.0,Not triggered,0.0,Not triggered,0.0,0.0,0.0,Not triggered,Not triggered,0.0,0.0,0.0,0.0,0.0,0.0,0.0,0.0,0.0,0.0,0.0,0.0,0.0,0.0,0.0,0.0,0.0,0.0,0.0,0.0,0.0,0.0,0.0,0.0
avg_50,25-02-2026 17:25:00,25-02-2026,T-001,COMP-01,RUN-A,SENS-01,can_log_25022026_172337.csv,4922,2026-10-06T05:37:43.229574+00:00,Matched,OK,0.0,0.0,0.0,0.0,0.0,,0.0,0.0,0.0,0.0,0.0,0.0,0.0,190.0,-50.0,0.0,0.0,0.0,STOP,0.0,0.0,0.0,0.0,0.0,0.0,,25-02-2026 17:25:00:032,0.0,-58.0,,0.0,164.0206,215.0,4.0,34.0,15.0,8.0,255.0,60.0,0.0,0.0,0.0,40.0,33.0,27.7923,1.0,0.0,0.0,0.0,0.0,0.0,0.0,0.0,0.0,0.0,0.0,0.0,0.0,0.0,0.0,0.0,0.0,0.0,N.A.,0.0,N.A.,0.0,0.0,0.0,0.0,0.2425,,0.0,0.0,0.0,0.0,0.0,0.0,0.0,0.0,0.0,0.0,0.0,0.0,0.0,0.0,0.0,0.0,0.0,0.0,0.0,0.0,0.0,0.0,0.0,0.0,0.0,0.0,0.0,0.0,0.0,Standby,Enabled,Not triggered,0.0,Not triggered,0.0,Not triggered,0.0,0.0,0.0,Not triggered,Not triggered,0.0,0.0,0.0,0.0,0.0,0.0,0.0,0.0,0.0,0.0,0.0,0.0,0.0,0.0,0.0,0.0,0.0,0.0,0.0,0.0,0.0,0.0,0.0,0.0
avg_51,25-02-2026 17:26:00,25-02-2026,T-001,COMP-01,RUN-A,SENS-01,can_log_25022026_172337.csv,5019,2026-10-06T05:37:43.242979+00:00,Matched,OK,0.0,0.0,0.0,0.0,0.0,,0.0,0.0,0.0,0.0,0.0,0.0,0.0,190.0,-50.0,0.0,0.0,0.0,STOP,0.0,0.0,0.0,0.0,0.0,0.0,,25-02-2026 17:26:00:032,0.0,-58.0,,0.0,261.3333,215.0,4.0,34.0,15.0,8.0,255.0,60.0,0.0,0.0,0.0,40.0505,33.0,27.7924,1.0,0.0,0.0,0.0,0.0,0.0,0.0,0.0,0.0,0.0,0.0,0.0,0.0,0.0,0.0,0.0,0.0,0.0,N.A.,0.0,N.A.,0.0,0.0,0.0,0.0,0.2435,,0.0,0.0,0.0,0.0,0.0,0.0,0.0,0.0,0.0,0.0,0.0,0.0,0.0,0.0,0.0,0.0,0.0,0.0,0.0,0.0,0.0,0.0,0.0,0.0,0.0,0.0,0.0,0.0,0.0,Standby,Enabled,Not triggered,0.0,Not triggered,0.0,Not triggered,0.0,0.0,0.0,Not triggered,Not triggered,0.0,0.0,0.0,0.0,0.0,0.0,0.0,0.0,0.0,0.0,0.0,0.0,0.0,0.0,0.0,0.0,0.0,0.0,0.0,0.0,0.0,0.0,0.0,0.0
avg_52,25-02-2026 17:27:00,25-02-2026,T-001,COMP-01,RUN-A,SENS-01,can_log_25022026_172337.csv,5118,2026-10-06T05:37:43.256678+00:00,Matched,OK,0.0,0.0,0.0,0.0,0.0,,0.0,0.0,0.0,0.0,0.0,0.0,0.0,190.0,-50.0,0.0,0.0,0.0,STOP,0.0,0.0,0.0,0.0,0.0,0.0,,25-02-2026 17:27:00:029,0.0,-58.0,,0.0,359.0,215.0,4.0,34.0,15.0,8.0,255.0,60.0,0.0,0.0,0.0,40.8889,33.0,26.9869,1.0,0.0,0.0,0.0,0.0,0.0,0.0,0.0,0.0,0.0,0.0,0.0,0.0,0.0,0.0,0.0,0.0,0.0,N.A.,0.0,N.A.,0.0,0.0,0.0,0.0,0.2481,,0.0,0.0,0.0,0.0,0.0,0.0,0.0,0.0,0.0,0.0,0.0,0.0,0.0,0.0,0.0,0.0,0.0,0.0,0.0,0.0,0.0,0.0,0.0,0.0,0.0,0.0,0.0,0.0,0.0,Standby,Enabled,Not triggered,0.0,Not triggered,0.0,Not triggered,0.0,0.0,0.0,Not triggered,Not triggered,0.0,0.0,0.0,0.0,0.0,0.0,0.0,0.0,0.0,0.0,0.0,0.0,0.0,0.0,0.0,0.0,0.0,0.0,0.0,0.0,0.0,0.0,0.0,0.0
avg_53,25-02-2026 17:28:00,25-02-2026,T-001,COMP-01,RUN-A,SENS-01,can_log_25022026_172337.csv,5217,2026-10-06T05:37:43.270346+00:00,Matched,OK,0.0,0.0,0.0,0.0,0.0,,0.0,0.0,0.0,0.0,0.0,0.0,0.0,190.0,-50.0,0.0,0.0,0.0,STOP,0.0,0.0,0.0,0.0,0.0,0.0,,25-02-2026 17:28:00:040,0.0,-58.0,,0.0,457.14,215.0,4.0,34.0,15.0,8.0,255.0,60.0,0.0,0.0,0.0,40.95,33.0,25.7385,1.0,0.0,0.0,0.0,0.0,0.0,0.0,0.0,0.0,0.0,0.0,0.0,0.0,0.0,0.0,0.0,0.0,0.0,N.A.,0.0,N.A.,0.0,0.0,0.0,0.0,0.2559,,0.0,0.0,0.0,0.0,0.0,0.0,0.0,0.0,0.0,0.0,0.0,0.0,0.0,0.0,0.0,0.0,0.0,0.0,0.0,0.0,0.0,0.0,0.0,0.0,0.0,0.0,0.0,0.0,0.0,Standby,Enabled,Not triggered,0.0,Not triggered,0.0,Not triggered,0.0,0.0,0.0,Not triggered,Not triggered,0.0,0.0,0.0,0.0,0.0,0.0,0.0,0.0,0.0,0.0,0.0,0.0,0.0,0.0,0.0,0.0,0.0,0.0,0.0,0.0,0.0,0.0,0.0,0.0
avg_54,25-02-2026 17:29:00,25-02-2026,T-001,COMP-01,RUN-A,SENS-01,can_log_25022026_172337.csv,5317,2026-10-06T05:37:43.284122+00:00,Matched,OK,0.0,0.0,0.0,0.0,0.0,,0.0,0.0,0.0,0.0,0.0,0.0,0.0,190.0,-50.0,0.0,0.0,0.0,STOP,0.0,0.0,0.0,0.0,0.0,0.0,,25-02-2026 17:29:00:438,0.0,-58.0,,0.0,556.51,215.0,4.0,34.0,15.0,8.0,255.0,60.0,0.0,0.0,0.0,41.0,33.0,25.484,1.0,0.0,0.0,0.0,0.0,0.0,0.0,0.0,0.0,0.0,0.0,0.0,0.0,0.0,0.0,0.0,0.0,0.0,N.A.,0.0,N.A.,0.0,0.0,0.0,0.0,0.2563,,0.0,0.0,0.0,0.0,0.0,0.0,0.0,0.0,0.0,0.0,0.0,0.0,0.0,0.0,0.0,0.0,0.0,0.0,0.0,0.0,0.0,0.0,0.0,0.0,0.0,0.0,0.0,0.0,0.0,Standby,Enabled,Not triggered,0.0,Not triggered,0.0,Not triggered,0.0,0.0,0.0,Not triggered,Not triggered,0.0,0.0,0.0,0.0,0.0,0.0,0.0,0.0,0.0,0.0,0.0,0.0,0.0,0.0,0.0,0.0,0.0,0.0,0.0,0.0,0.0,0.0,0.0,0.0
avg_55,25-02-2026 17:30:00,25-02-2026,T-001,COMP-01,RUN-A,SENS-01,can_log_25022026_172337.csv,5417,2026-10-06T05:37:43.298189+00:00,Matched,OK,0.0,0.0,0.0,0.0,0.0,,0.0,0.0,0.0,0.0,0.0,0.0,0.0,190.0,-50.0,0.0,0.0,0.0,STOP,0.0,0.0,0.0,0.0,0.0,0.0,,25-02-2026 17:30:00:833,0.0,-58.0,,0.0,656.42,215.0,4.0,34.0,15.0,8.0,255.0,60.0,0.0,0.0,0.0,41.0,33.0,25.356,1.0,0.0,0.0,0.0,0.0,0.0,0.0,0.0,0.0,0.0,0.0,0.0,0.0,0.0,0.0,0.0,0.0,0.0,N.A.,0.0,N.A.,0.0,0.0,0.0,0.0,0.257,,0.0,0.0,0.0,0.0,0.0,0.0,0.0,0.0,0.0,0.0,0.0,0.0,0.0,0.0,0.0,0.0,0.0,0.0,0.0,0.0,0.0,0.0,0.0,0.0,0.0,0.0,0.0,0.0,0.0,Standby,Enabled,Not triggered,0.0,Not triggered,0.0,Not triggered,0.0,0.0,0.0,Not triggered,Not triggered,0.0,0.0,0.0,0.0,0.0,0.0,0.0,0.0,0.0,0.0,0.0,0.0,0.0,0.0,0.0,0.0,0.0,0.0,0.0,0.0,0.0,0.0,0.0,0.0
avg_56,25-02-2026 17:31:00,25-02-2026,T-001,COMP-01,RUN-A,SENS-01,can_log_25022026_172337.csv,5517,2026-10-06T05:37:43.312122+00:00,Matched,OK,0.0,0.0,0.0,0.0,0.0,,0.0,0.0,0.0,0.0,0.0,0.0,0.0,190.0,-50.0,0.0,0.0,0.0,STOP,0.0,0.0,0.0,0.0,0.0,0.0,,25-02-2026 17:31:01:432,0.0,-58.0,,0.0,756.6,215.0,4.0,34.0,15.0,8.0,255.0,60.0,0.0,0.0,0.0,41.0,33.0,25.3005,1.0,0.0,0.0,0.0,0.0,0.0,0.0,0.0,0.0,0.0,0.0,0.0,0.0,0.0,0.0,0.0,0.0,0.0,N.A.,0.0,N.A.,0.0,0.0,0.0,0.0,0.2578,,0.0,0.0,0.0,0.0,0.0,0.0,0.0,0.0,0.0,0.0,0.0,0.0,0.0,0.0,0.0,0.0,0.0,0.0,0.0,0.0,0.0,0.0,0.0,0.0,0.0,0.0,0.0,0.0,0.0,Standby,Enabled,Not triggered,0.0,Not triggered,0.0,Not triggered,0.0,0.0,0.0,Not triggered,Not triggered,0.0,0.0,0.0,0.0,0.0,0.0,0.0,0.0,0.0,0.0,0.0,0.0,0.0,0.0,0.0,0.0,0.0,0.0,0.0,0.0,0.0,0.0,0.0,0.0
avg_57,25-02-2026 17:32:00,25-02-2026,T-001,COMP-01,RUN-A,SENS-01,can_log_25022026_172337.csv,5617,2026-10-06T05:37:43.326126+00:00,Matched,OK,0.0,0.0,0.0,0.0,0.0,,0.0,0.0,0.0,0.0,0.0,0.0,0.0,190.0,-50.0,0.0,0.0,0.0,STOP,0.0,0.0,0.0,0.0,0.0,0.0,,25-02-2026 17:32:02:031,0.0,-58.0,,0.0,856.6,215.0,4.0,34.0,15.0,8.0,255.0,60.0,0.0,0.0,0.0,41.0,33.0,25.285,1.0,0.0,0.0,0.0,0.0,0.0,0.0,0.0,0.0,0.0,0.0,0.0,0.0,0.0,0.0,0.0,0.0,0.0,N.A.,0.0,N.A.,0.0,0.0,0.0,0.0,0.2593,,0.0,0.0,0.0,0.0,0.0,0.0,0.0,0.0,0.0,0.0,0.0,0.0,0.0,0.0,0.0,0.0,0.0,0.0,0.0,0.0,0.0,0.0,0.0,0.0,0.0,0.0,0.0,0.0,0.0,Standby,Enabled,Not triggered,0.0,Not triggered,0.0,Not triggered,0.0,0.0,0.0,Not triggered,Not triggered,0.0,0.0,0.0,0.0,0.0,0.0,0.0,0.0,0.0,0.0,0.0,0.0,0.0,0.0,0.0,0.0,0.0,0.0,0.0,0.0,0.0,0.0,0.0,0.0
avg_58,25-02-2026 17:33:00,25-02-2026,T-001,COMP-01,RUN-A,SENS-01,can_log_25022026_172337.csv,5717,2026-10-06T05:37:43.339945+00:00,Matched,OK,0.0,0.0,0.0,0.0,0.0,,0.0,0.0,0.0,0.0,0.0,0.0,0.0,190.0,-50.0,0.0,0.0,0.0,STOP,0.0,0.0,0.0,0.0,0.0,0.0,,25-02-2026 17:33:02:432,0.0,-58.0,,0.0,956.5,215.0,4.0,34.0,15.0,8.0,255.0,60.0,0.0,0.0,0.0,41.0,33.0,25.268,1.0,0.0,0.0,0.0,0.0,0.0,0.0,0.0,0.0,0.0,0.0,0.0,0.0,0.0,0.0,0.0,0.0,0.0,N.A.,0.0,N.A.,0.0,0.0,0.0,0.0,0.2601,,0.0,0.0,0.0,0.0,0.0,0.0,0.0,0.0,0.0,0.0,0.0,0.0,0.0,0.0,0.0,0.0,0.0,0.0,0.0,0.0,0.0,0.0,0.0,0.0,0.0,0.0,0.0,0.0,0.0,Standby,Enabled,Not triggered,0.0,Not triggered,0.0,Not triggered,0.0,0.0,0.0,Not triggered,Not triggered,0.0,0.0,0.0,0.0,0.0,0.0,0.0,0.0,0.0,0.0,0.0,0.0,0.0,0.0,0.0,0.0,0.0,0.0,0.0,0.0,0.0,0.0,0.0,0.0
avg_59,25-02-2026 17:34:00,25-02-2026,T-001,COMP-01,RUN-A,SENS-01,can_log_25022026_172337.csv,5817,2026-10-06T05:37:43.353909+00:00,Matched,OK,0.0,0.0,0.0,0.0,0.0,,0.0,0.0,0.0,0.0,0.0,0.0,0.0,190.0,-50.0,0.0,0.0,0.0,STOP,0.0,0.0,0.0,0.0,0.0,0.0,,25-02-2026 17:34:03:033,0.0,-58.0,,0.0,1056.4554,215.0,4.0,34.0,15.0,8.0,255.0,60.0,0.0,0.0,0.0,41.0,33.0,25.2822,1.0,0.0,0.0,0.0,0.0,0.0,0.0,0.0,0.0,0.0,0.0,0.0,0.0,0.0,0.0,0.0,0.0,0.0,N.A.,0.0,N.A.,0.0,0.0,0.0,0.0,0.262,,0.0,0.0,0.0,0.0,0.0,0.0,0.0,0.0,0.0,0.0,0.0,0.0,0.0,0.0,0.0,0.0,0.0,0.0,0.0,0.0,0.0,0.0,0.0,0.0,0.0,0.0,0.0,0.0,0.0,Standby,Enabled,Not triggered,0.0,Not triggered,0.0,Not triggered,0.0,0.0,0.0,Not triggered,Not triggered,0.0,0.0,0.0,0.0,0.0,0.0,0.0,0.0,0.0,0.0,0.0,0.0,0.0,0.0,0.0,0.0,0.0,0.0,0.0,0.0,0.0,0.0,0.0,0.0
avg_60,25-02-2026 17:35:00,25-02-2026,T-001,COMP-01,RUN-A,SENS-01,can_log_25022026_172337.csv,5918,2026-10-06T05:37:43.368014+00:00,Matched,OK,0.0,0.0,0.0,0.0,0.0,,0.0,0.0,0.0,0.0,0.0,0.0,0.0,190.0,-50.0,0.0,0.0,0.0,STOP,0.0,0.0,0.0,0.0,0.0,0.0,,25-02-2026 17:35:03:443,0.0,-58.0,,0.0,1156.6078,215.0,4.0,34.0,15.0,8.0,255.0,60.0,0.0,0.0,0.0,41.0,33.0,26.427,1.0,0.0,0.0,0.0,0.0,0.0,0.0,0.0,0.0,0.0,0.0,0.0,0.0,0.0,0.0,0.0,0.0,0.0,N.A.,0.0,N.A.,0.0,0.0,0.0,0.0,0.2561,,0.0,0.0,0.0,0.0,0.0,0.0,0.0,0.0,0.0,0.0,0.0,0.0,0.0,0.0,0.0,0.0,0.0,0.0,0.0,0.0,0.0,0.0,0.0,0.0,0.0,0.0,0.0,0.0,0.0,Standby,Enabled,Not triggered,0.0,Not triggered,0.0,Not triggered,0.0,0.0,0.0,Not triggered,Not triggered,0.0,0.0,0.0,0.0,0.0,0.0,0.0,0.0,0.0,0.0,0.0,0.0,0.0,0.0,0.0,0.0,0.0,0.0,0.0,0.0,0.0,0.0,0.0,0.0
avg_61,25-02-2026 17:36:00,25-02-2026,T-001,COMP-01,RUN-A,SENS-01,can_log_25022026_172337.csv,6020,2026-10-06T05:37:43.382215+00:00,Matched,OK,0.0,0.0,0.0,0.0,0.0,,0.0,0.0,0.0,0.0,0.0,0.0,0.0,190.0,-50.0,0.0,0.0,0.0,STOP,0.0,0.0,0.0,0.0,0.0,0.0,,25-02-2026 17:36:04:046,0.0,-58.0,,0.0,1256.6337,215.0,4.0,34.0,15.0,8.0,255.0,60.0,0.0,0.0,0.0,41.0,33.0,27.7743,1.0,0.0,0.0,0.0,0.0,0.0,0.0,0.0,0.0,0.0,0.0,0.0,0.0,0.0,0.0,0.0,0.0,0.0,N.A.,0.0,N.A.,0.0,0.0,0.0,0.0,0.2484,,0.0,0.0,0.0,0.0,0.0,0.0,0.0,0.0,0.0,0.0,0.0,0.0,0.0,0.0,0.0,0.0,0.0,0.0,0.0,0.0,0.0,0.0,0.0,0.0,0.0,0.0,0.0,0.0,0.0,Standby,Enabled,Not triggered,0.0,Not triggered,0.0,Not triggered,0.0,0.0,0.0,Not triggered,Not triggered,0.0,0.0,0.0,0.0,0.0,0.0,0.0,0.0,0.0,0.0,0.0,0.0,0.0,0.0,0.0,0.0,0.0,0.0,0.0,0.0,0.0,0.0,0.0,0.0
avg_62,25-02-2026 17:37:00,25-02-2026,T-001,COMP-01,RUN-A,SENS-01,can_log_25022026_172337.csv,6121,2026-10-06T05:37:43.396218+00:00,Matched,OK,0.0,0.0,0.0,0.0,0.0,,0.0,0.0,0.0,0.0,0.0,0.0,0.0,190.0,-50.0,0.0,0.0,0.0,STOP,0.0,0.0,0.0,0.0,0.0,0.0,,25-02-2026 17:37:04:635,0.0,-58.0,,0.0,1356.52,215.0,4.0,34.0,15.0,8.0,255.0,60.0,0.0,0.0,0.0,41.5,33.0,27.4885,1.0,0.0,0.0,0.0,0.0,0.0,0.0,0.0,0.0,0.0,0.0,0.0,0.0,0.0,0.0,0.0,0.0,0.0,N.A.,0.0,N.A.,0.0,0.0,0.0,0.0,0.25,,0.0,0.0,0.0,0.0,0.0,0.0,0.0,0.0,0.0,0.0,0.0,0.0,0.0,0.0,0.0,0.0,0.0,0.0,0.0,0.0,0.0,0.0,0.0,0.0,0.0,0.0,0.0,0.0,0.0,Standby,Enabled,Not triggered,0.0,Not triggered,0.0,Not triggered,0.0,0.0,0.0,Not triggered,Not triggered,0.0,0.0,0.0,0.0,0.0,0.0,0.0,0.0,0.0,0.0,0.0,0.0,0.0,0.0,0.0,0.0,0.0,0.0,0.0,0.0,0.0,0.0,0.0,0.0
avg_63,25-02-2026 17:38:00,25-02-2026,T-001,COMP-01,RUN-A,SENS-01,can_log_25022026_172337.csv,6221,2026-10-06T05:37:43.410520+00:00,Matched,OK,0.0,0.0,0.0,0.0,0.0,,0.0,0.0,0.0,0.0,0.0,0.0,0.0,190.0,-50.0,0.0,0.0,0.0,STOP,0.0,0.0,0.0,0.0,0.0,0.0,,25-02-2026 17:38:05:047,0.0,-58.0,,0.0,1456.5,215.0,4.0,34.0,15.0,8.0,255.0,60.0,0.0,0.0,0.0,41.2,33.0,25.967,1.0,0.0,0.0,0.0,0.0,0.0,0.0,0.0,0.0,0.0,0.0,0.0,0.0,0.0,0.0,0.0,0.0,0.0,N.A.,0.0,N.A.,0.0,0.0,0.0,0.0,0.2577,,0.0,0.0,0.0,0.0,0.0,0.0,0.0,0.0,0.0,0.0,0.0,0.0,0.0,0.0,0.0,0.0,0.0,0.0,0.0,0.0,0.0,0.0,0.0,0.0,0.0,0.0,0.0,0.0,0.0,Standby,Enabled,Not triggered,0.0,Not triggered,0.0,Not triggered,0.0,0.0,0.0,Not triggered,Not triggered,0.0,0.0,0.0,0.0,0.0,0.0,0.0,0.0,0.0,0.0,0.0,0.0,0.0,0.0,0.0,0.0,0.0,0.0,0.0,0.0,0.0,0.0,0.0,0.0
avg_64,25-02-2026 17:39:00,25-02-2026,T-001,COMP-01,RUN-A,SENS-01,can_log_25022026_172337.csv,6321,2026-10-06T05:37:43.424503+00:00,Matched,OK,0.0,0.0,0.0,0.0,0.0,,0.0,0.0,0.0,0.0,0.0,0.0,0.0,190.0,-50.0,0.0,0.0,0.0,STOP,0.0,0.0,0.0,0.0,0.0,0.0,,25-02-2026 17:39:05:633,0.0,-58.0,,0.0,1556.6,215.0,4.0,34.0,15.0,8.0,255.0,60.0,0.0,0.0,0.0,42.2,33.0,25.6,1.0,0.0,0.0,0.0,0.0,0.0,0.0,0.0,0.0,0.0,0.0,0.0,0.0,0.0,0.0,0.0,0.0,0.0,N.A.,0.0,N.A.,0.0,0.0,0.0,0.0,0.262,,0.0,0.0,0.0,0.0,0.0,0.0,0.0,0.0,0.0,0.0,0.0,0.0,0.0,0.0,0.0,0.0,0.0,0.0,0.0,0.0,0.0,0.0,0.0,0.0,0.0,0.0,0.0,0.0,0.0,Standby,Enabled,Not triggered,0.0,Not triggered,0.0,Not triggered,0.0,0.0,0.0,Not triggered,Not triggered,0.0,0.0,0.0,0.0,0.0,0.0,0.0,0.0,0.0,0.0,0.0,0.0,0.0,0.0,0.0,0.0,0.0,0.0,0.0,0.0,0.0,0.0,0.0,0.0
avg_65,25-02-2026 17:40:00,25-02-2026,T-001,COMP-01,RUN-A,SENS-01,can_log_25022026_172337.csv,6421,2026-10-06T05:37:43.438429+00:00,Matched,OK,0.0,0.0,0.0,0.0,0.0,,0.0,0.0,0.0,0.0,0.0,0.0,0.0,190.0,-50.0,0.0,0.0,0.0,STOP,0.0,0.0,0.0,0.0,0.0,0.0,,25-02-2026 17:40:06:238,0.0,-58.0,,0.0,1656.8614,215.0,4.0,34.0,15.0,8.0,255.0,60.0,0.0,0.0,0.0,41.9109,33.0,25.9619,1.0,0.0,0.0,0.0,0.0,0.0,0.0,0.0,0.0,0.0,0.0,0.0,0.0,0.0,0.0,0.0,0.0,0.0,N.A.,0.0,N.A.,0.0,0.0,0.0,0.0,0.2613,,0.0,0.0,0.0,0.0,0.0,0.0,0.0,0.0,0.0,0.0,0.0,0.0,0.0,0.0,0.0,0.0,0.0,0.0,0.0,0.0,0.0,0.0,0.0,0.0,0.0,0.0,0.0,0.0,0.0,Standby,Enabled,Not triggered,0.0,Not triggered,0.0,Not triggered,0.0,0.0,0.0,Not triggered,Not triggered,0.0,0.0,0.0,0.0,0.0,0.0,0.0,0.0,0.0,0.0,0.0,0.0,0.0,0.0,0.0,0.0,0.0,0.0,0.0,0.0,0.0,0.0,0.0,0.0
avg_66,25-02-2026 17:41:00,25-02-2026,T-001,COMP-01,RUN-A,SENS-01,can_log_25022026_172337.csv,6522,2026-10-06T05:37:43.452415+00:00,Matched,OK,0.0,0.0,0.0,0.0,0.0,,0.0,0.0,0.0,0.0,0.0,0.0,0.0,190.0,-50.0,0.0,0.0,0.0,STOP,0.0,0.0,0.0,0.0,0.0,0.0,,25-02-2026 17:41:06:629,0.0,-58.0,,0.0,1756.6337,215.0,4.0,34.0,15.0,8.0,255.0,60.0,0.0,0.0,0.0,42.604,33.0,27.7916,1.0,0.0,0.0,0.0,0.0,0.0,0.0,0.0,0.0,0.0,0.0,0.0,0.0,0.0,0.0,0.0,0.0,0.0,N.A.,0.0,N.A.,0.0,0.0,0.0,0.0,0.2521,,0.0,0.0,0.0,0.0,0.0,0.0,0.0,0.0,0.0,0.0,0.0,0.0,0.0,0.0,0.0,0.0,0.0,0.0,0.0,0.0,0.0,0.0,0.0,0.0,0.0,0.0,0.0,0.0,0.0,Standby,Enabled,Not triggered,0.0,Not triggered,0.0,Not triggered,0.0,0.0,0.0,Not triggered,Not triggered,0.0,0.0,0.0,0.0,0.0,0.0,0.0,0.0,0.0,0.0,0.0,0.0,0.0,0.0,0.0,0.0,0.0,0.0,0.0,0.0,0.0,0.0,0.0,0.0
avg_67,25-02-2026 17:42:00,25-02-2026,T-001,COMP-01,RUN-A,SENS-01,can_log_25022026_172337.csv,6623,2026-10-06T05:37:43.466407+00:00,Matched,OK,0.0,0.0,0.0,0.0,0.0,,0.0,0.0,0.0,0.0,0.0,0.0,0.0,190.0,-50.0,0.0,0.0,0.0,STOP,0.0,0.0,0.0,0.0,0.0,0.0,,25-02-2026 17:42:07:230,0.0,-58.0,,0.0,1858.5229,215.0,4.0,34.0,15.0,8.0,255.0,60.0,0.0,0.0,0.0,42.4495,33.0,27.8,1.0,0.0,0.0,0.0,0.0,0.0,0.0,0.0,0.0,0.0,0.0,0.0,0.0,0.0,0.0,0.0,0.0,0.0,N.A.,0.0,N.A.,0.0,0.0,0.0,0.0,0.2524,,0.0,0.0,0.0,0.0,0.0,0.0,0.0,0.0,0.0,0.0,0.0,0.0,0.0,0.0,0.0,0.0,0.0,0.0,0.0,0.0,0.0,0.0,0.0,0.0,0.0,0.0,0.0,0.0,0.0,Standby,Enabled,Not triggered,0.0,Not triggered,0.0,Not triggered,0.0,0.0,0.0,Not triggered,Not triggered,0.0,0.0,0.0,0.0,0.0,0.0,0.0,0.0,0.0,0.0,0.0,0.0,0.0,0.0,0.0,0.0,0.0,0.0,0.0,0.0,0.0,0.0,0.0,0.0
avg_68,25-02-2026 17:43:00,25-02-2026,T-001,COMP-01,RUN-A,SENS-01,can_log_25022026_172337.csv,6732,2026-10-06T05:37:43.481543+00:00,Matched,OK,0.0,0.0,0.0,0.0,0.0,,0.0,0.0,0.0,0.0,0.0,0.0,0.0,190.0,-50.0,0.0,0.0,0.0,STOP,0.0,0.0,0.0,0.0,0.0,0.0,,25-02-2026 17:43:07:830,0.0,-58.0,,0.0,1958.6364,215.0,4.0,34.0,15.0,8.0,255.0,60.0,0.0,0.0,0.0,42.6364,33.0,27.7955,1.0,0.0,0.0,0.0,0.0,0.0,0.0,0.0,0.0,0.0,0.0,0.0,0.0,0.0,0.0,0.0,0.0,0.0,N.A.,0.0,N.A.,0.0,0.0,0.0,0.0,0.2526,,0.0,0.0,0.0,0.0,0.0,0.0,0.0,0.0,0.0,0.0,0.0,0.0,0.0,0.0,0.0,0.0,0.0,0.0,0.0,0.0,0.0,0.0,0.0,0.0,0.0,0.0,0.0,0.0,0.0,Standby,Enabled,Not triggered,0.0,Not triggered,0.0,Not triggered,0.0,0.0,0.0,Not triggered,Not triggered,0.0,0.0,0.0,0.0,0.0,0.0,0.0,0.0,0.0,0.0,0.0,0.0,0.0,0.0,0.0,0.0,0.0,0.0,0.0,0.0,0.0,0.0,0.0,0.0
avg_69,25-02-2026 17:44:00,25-02-2026,T-001,COMP-01,RUN-A,SENS-01,can_log_25022026_172337.csv,6842,2026-10-06T05:37:43.496786+00:00,Matched,OK,0.0,0.0,0.0,0.0,0.0,,0.0,0.0,0.0,0.0,0.0,0.0,0.0,190.0,-50.0,0.0,0.0,0.0,STOP,0.0,0.0,0.0,0.0,0.0,0.0,,25-02-2026 17:44:08:234,0.0,-58.0,,0.0,2057.8559,215.0,4.0,34.0,15.0,8.0,255.0,60.0,0.0,0.0,0.0,42.6757,33.0,27.7977,1.0,0.0,0.0,0.0,0.0,0.0,0.0,0.0,0.0,0.0,0.0,0.0,0.0,0.0,0.0,0.0,0.0,0.0,N.A.,0.0,N.A.,0.0,0.0,0.0,0.0,0.2522,,0.0,0.0,0.0,0.0,0.0,0.0,0.0,0.0,0.0,0.0,0.0,0.0,0.0,0.0,0.0,0.0,0.0,0.0,0.0,0.0,0.0,0.0,0.0,0.0,0.0,0.0,0.0,0.0,0.0,Standby,Enabled,Not triggered,0.0,Not triggered,0.0,Not triggered,0.0,0.0,0.0,Not triggered,Not triggered,0.0,0.0,0.0,0.0,0.0,0.0,0.0,0.0,0.0,0.0,0.0,0.0,0.0,0.0,0.0,0.0,0.0,0.0,0.0,0.0,0.0,0.0,0.0,0.0
avg_70,25-02-2026 17:45:00,25-02-2026,T-001,COMP-01,RUN-A,SENS-01,can_log_25022026_172337.csv,6953,2026-10-06T05:37:43.512160+00:00,Matched,OK,0.0,0.0,0.0,0.0,0.0,,0.0,0.0,0.0,0.0,0.0,0.0,0.0,190.0,-50.0,0.0,0.0,0.0,STOP,0.0,0.0,0.0,0.0,0.0,0.0,,25-02-2026 17:45:08:837,0.0,-58.0,,0.0,2158.1171,215.0,4.0,34.0,15.0,8.0,255.0,60.0,0.0,0.0,0.0,42.5856,33.0,26.018,1.0,0.0,0.0,0.0,0.0,0.0,0.0,0.0,0.0,0.0,0.0,0.0,0.0,0.0,0.0,0.0,0.0,0.0,N.A.,0.0,N.A.,0.0,0.0,0.0,0.0,0.26,,0.0,0.0,0.0,0.0,0.0,0.0,0.0,0.0,0.0,0.0,0.0,0.0,0.0,0.0,0.0,0.0,0.0,0.0,0.0,0.0,0.0,0.0,0.0,0.0,0.0,0.0,0.0,0.0,0.0,Standby,Enabled,Not triggered,0.0,Not triggered,0.0,Not triggered,0.0,0.0,0.0,Not triggered,Not triggered,0.0,0.0,0.0,0.0,0.0,0.0,0.0,0.0,0.0,0.0,0.0,0.0,0.0,0.0,0.0,0.0,0.0,0.0,0.0,0.0,0.0,0.0,0.0,0.0
avg_71,25-02-2026 17:46:00,25-02-2026,T-001,COMP-01,RUN-A,SENS-01,can_log_25022026_172337.csv,7064,2026-10-06T05:37:43.527521+00:00,Matched,OK,0.0,0.0,0.0,0.0,0.0,,0.0,0.0,0.0,0.0,0.0,0.0,0.0,190.0,-50.0,0.0,0.0,0.0,STOP,0.0,0.0,0.0,0.0,0.0,0.0,,25-02-2026 17:46:09:430,0.0,-58.0,,0.0,2257.6055,215.0,4.0,34.0,15.0,8.0,255.0,60.0,0.0,0.0,0.0,42.5229,33.0,25.6128,1.0,0.0,0.0,0.0,0.0,0.0,0.0,0.0,0.0,0.0,0.0,0.0,0.0,0.0,0.0,0.0,0.0,0.0,N.A.,0.0,N.A.,0.0,0.0,0.0,0.0,0.2656,,0.0,0.0,0.0,0.0,0.0,0.0,0.0,0.0,0.0,0.0,0.0,0.0,0.0,0.0,0.0,0.0,0.0,0.0,0.0,0.0,0.0,0.0,0.0,0.0,0.0,0.0,0.0,0.0,0.0,Standby,Enabled,Not triggered,0.0,Not triggered,0.0,Not triggered,0.0,0.0,0.0,Not triggered,Not triggered,0.0,0.0,0.0,0.0,0.0,0.0,0.0,0.0,0.0,0.0,0.0,0.0,0.0,0.0,0.0,0.0,0.0,0.0,0.0,0.0,0.0,0.0,0.0,0.0
avg_72,25-02-2026 17:47:00,25-02-2026,T-001,COMP-01,RUN-A,SENS-01,can_log_25022026_172337.csv,7173,2026-10-06T05:37:43.542861+00:00,Matched,OK,0.0,0.0,0.0,0.0,0.0,,0.0,0.0,0.0,0.0,0.0,0.0,0.0,190.0,-50.0,0.0,0.0,0.0,STOP,0.0,0.0,0.0,0.0,0.0,0.0,,25-02-2026 17:47:00:033,0.0,-58.0,,0.0,2355.7778,215.0,4.0,34.0,15.0,8.0,255.0,60.0,0.0,0.0,0.0,42.7963,33.0,25.4699,1.0,0.0,0.0,0.0,0.0,0.0,0.0,0.0,0.0,0.0,0.0,0.0,0.0,0.0,0.0,0.0,0.0,0.0,N.A.,0.0,N.A.,0.0,0.0,0.0,0.0,0.2671,,0.0,0.0,0.0,0.0,0.0,0.0,0.0,0.0,0.0,0.0,0.0,0.0,0.0,0.0,0.0,0.0,0.0,0.0,0.0,0.0,0.0,0.0,0.0,0.0,0.0,0.0,0.0,0.0,0.0,Standby,Enabled,Not triggered,0.0,Not triggered,0.0,Not triggered,0.0,0.0,0.0,Not triggered,Not triggered,0.0,0.0,0.0,0.0,0.0,0.0,0.0,0.0,0.0,0.0,0.0,0.0,0.0,0.0,0.0,0.0,0.0,0.0,0.0,0.0,0.0,0.0,0.0,0.0
avg_73,25-02-2026 17:48:00,25-02-2026,T-001,COMP-01,RUN-A,SENS-01,can_log_25022026_172337.csv,7281,2026-10-06T05:37:43.557867+00:00,Matched,OK,0.0,0.0,0.0,0.0,0.0,,0.0,0.0,0.0,0.0,0.0,0.0,0.0,190.0,-50.0,0.0,0.0,0.0,STOP,0.0,0.0,0.0,0.0,0.0,0.0,,25-02-2026 17:48:00:036,0.0,-58.0,,0.0,2453.4815,215.0,4.0,34.0,15.0,8.0,255.0,60.0,0.0,0.0,0.0,42.9074,33.0,25.4037,1.0,0.0,0.0,0.0,0.0,0.0,0.0,0.0,0.0,0.0,0.0,0.0,0.0,0.0,0.0,0.0,0.0,0.0,N.A.,0.0,N.A.,0.0,0.0,0.0,0.0,0.2681,,0.0,0.0,0.0,0.0,0.0,0.0,0.0,0.0,0.0,0.0,0.0,0.0,0.0,0.0,0.0,0.0,0.0,0.0,0.0,0.0,0.0,0.0,0.0,0.0,0.0,0.0,0.0,0.0,0.0,Standby,Enabled,Not triggered,0.0,Not triggered,0.0,Not triggered,0.0,0.0,0.0,Not triggered,Not triggered,0.0,0.0,0.0,0.0,0.0,0.0,0.0,0.0,0.0,0.0,0.0,0.0,0.0,0.0,0.0,0.0,0.0,0.0,0.0,0.0,0.0,0.0,0.0,0.0
avg_74,25-02-2026 17:49:00,25-02-2026,T-001,COMP-01,RUN-A,SENS-01,can_log_25022026_172337.csv,7389,2026-10-06T05:37:43.573129+00:00,Matched,OK,0.0,0.0,0.0,0.0,0.0,,0.0,0.0,0.0,0.0,0.0,0.0,0.0,190.0,-50.0,0.0,0.0,0.0,STOP,0.0,0.0,0.0,0.0,0.0,0.0,,25-02-2026 17:49:00:030,0.0,-58.0,,0.0,2551.0741,215.0,4.0,34.0,15.0,8.0,255.0,60.0,0.0,0.0,0.0,42.5926,33.0,25.3486,1.0,0.0,0.0,0.0,0.0,0.0,0.0,0.0,0.0,0.0,0.0,0.0,0.0,0.0,0.0,0.0,0.0,0.0,N.A.,0.0,N.A.,0.0,0.0,0.0,0.0,0.2682,,0.0,0.0,0.0,0.0,0.0,0.0,0.0,0.0,0.0,0.0,0.0,0.0,0.0,0.0,0.0,0.0,0.0,0.0,0.0,0.0,0.0,0.0,0.0,0.0,0.0,0.0,0.0,0.0,0.0,Standby,Enabled,Not triggered,0.0,Not triggered,0.0,Not triggered,0.0,0.0,0.0,Not triggered,Not triggered,0.0,0.0,0.0,0.0,0.0,0.0,0.0,0.0,0.0,0.0,0.0,0.0,0.0,0.0,0.0,0.0,0.0,0.0,0.0,0.0,0.0,0.0,0.0,0.0
avg_75,25-02-2026 17:50:00,25-02-2026,T-001,COMP-01,RUN-A,SENS-01,can_log_25022026_172337.csv,7497,2026-10-06T05:37:43.588257+00:00,Matched,OK,0.0,0.0,0.0,0.0,0.0,,0.0,0.0,0.0,0.0,0.0,0.0,0.0,190.0,-50.0,0.0,0.0,0.0,STOP,0.0,0.0,0.0,0.0,0.0,0.0,,25-02-2026 17:50:00:036,0.0,-58.0,,0.0,2648.7037,215.0,4.0,34.0,15.0,8.0,255.0,60.0,0.0,0.0,0.0,42.8148,33.0,26.8602,1.0,0.0,0.0,0.0,0.0,0.0,0.0,0.0,0.0,0.0,0.0,0.0,0.0,0.0,0.0,0.0,0.0,0.0,N.A.,0.0,N.A.,0.0,0.0,0.0,0.0,0.26,,0.0,0.0,0.0,0.0,0.0,0.0,0.0,0.0,0.0,0.0,0.0,0.0,0.0,0.0,0.0,0.0,0.0,0.0,0.0,0.0,0.0,0.0,0.0,0.0,0.0,0.0,0.0,0.0,0.0,Standby,Enabled,Not triggered,0.0,Not triggered,0.0,Not triggered,0.0,0.0,0.0,Not triggered,Not triggered,0.0,0.0,0.0,0.0,0.0,0.0,0.0,0.0,0.0,0.0,0.0,0.0,0.0,0.0,0.0,0.0,0.0,0.0,0.0,0.0,0.0,0.0,0.0,0.0
avg_76,25-02-2026 17:51:00,25-02-2026,T-001,COMP-01,RUN-A,SENS-01,can_log_25022026_172337.csv,7605,2026-10-06T05:37:43.603228+00:00,Matched,OK,0.0,0.0,0.0,0.0,0.0,,0.0,0.0,0.0,0.0,0.0,0.0,0.0,190.0,-50.0,0.0,0.0,0.0,STOP,0.0,0.0,0.0,0.0,0.0,0.0,,25-02-2026 17:51:00:031,0.0,-58.0,,0.0,2746.3704,215.0,4.0,34.0,15.0,8.0,255.0,60.0,0.0,0.0,0.0,42.9074,33.0,27.7921,1.0,0.0,0.0,0.0,0.0,0.0,0.0,0.0,0.0,0.0,0.0,0.0,0.0,0.0,0.0,0.0,0.0,0.0,N.A.,0.0,N.A.,0.0,0.0,0.0,0.0,0.2551,,0.0,0.0,0.0,0.0,0.0,0.0,0.0,0.0,0.0,0.0,0.0,0.0,0.0,0.0,0.0,0.0,0.0,0.0,0.0,0.0,0.0,0.0,0.0,0.0,0.0,0.0,0.0,0.0,0.0,Standby,Enabled,Not triggered,0.0,Not triggered,0.0,Not triggered,0.0,0.0,0.0,Not triggered,Not triggered,0.0,0.0,0.0,0.0,0.0,0.0,0.0,0.0,0.0,0.0,0.0,0.0,0.0,0.0,0.0,0.0,0.0,0.0,0.0,0.0,0.0,0.0,0.0,0.0
avg_77,25-02-2026 17:52:00,25-02-2026,T-001,COMP-01,RUN-A,SENS-01,can_log_25022026_172337.csv,7713,2026-10-06T05:37:43.618285+00:00,Matched,OK,0.0,0.0,0.0,0.0,0.0,,0.0,0.0,0.0,0.0,0.0,0.0,0.0,190.0,-50.0,0.0,0.0,0.0,STOP,0.0,0.0,0.0,0.0,0.0,0.0,,25-02-2026 17:52:00:038,0.0,-58.0,,0.0,2844.037,215.0,4.0,34.0,15.0,8.0,255.0,60.0,0.0,0.0,0.0,43.0,33.0,27.8,1.0,0.0,0.0,0.0,0.0,0.0,0.0,0.0,0.0,0.0,0.0,0.0,0.0,0.0,0.0,0.0,0.0,0.0,N.A.,0.0,N.A.,0.0,0.0,0.0,0.0,0.2549,,0.0,0.0,0.0,0.0,0.0,0.0,0.0,0.0,0.0,0.0,0.0,0.0,0.0,0.0,0.0,0.0,0.0,0.0,0.0,0.0,0.0,0.0,0.0,0.0,0.0,0.0,0.0,0.0,0.0,Standby,Enabled,Not triggered,0.0,Not triggered,0.0,Not triggered,0.0,0.0,0.0,Not triggered,Not triggered,0.0,0.0,0.0,0.0,0.0,0.0,0.0,0.0,0.0,0.0,0.0,0.0,0.0,0.0,0.0,0.0,0.0,0.0,0.0,0.0,0.0,0.0,0.0,0.0
avg_78,25-02-2026 17:53:00,25-02-2026,T-001,COMP-01,RUN-A,SENS-01,can_log_25022026_172337.csv,7821,2026-10-06T05:37:43.633214+00:00,Matched,OK,0.0,0.0,0.0,0.0,0.0,,0.0,0.0,0.0,0.0,0.0,0.0,0.0,190.0,-50.0,0.0,0.0,0.0,STOP,0.0,0.0,0.0,0.0,0.0,0.0,,25-02-2026 17:53:00:030,0.0,-58.0,,0.0,2941.8333,215.0,4.0,34.0,15.0,8.0,255.0,60.0,0.0,0.0,0.0,43.0,33.0,27.8,1.0,0.0,0.0,0.0,0.0,0.0,0.0,0.0,0.0,0.0,0.0,0.0,0.0,0.0,0.0,0.0,0.0,0.0,N.A.,0.0,N.A.,0.0,0.0,0.0,0.0,0.2548,,0.0,0.0,0.0,0.0,0.0,0.0,0.0,0.0,0.0,0.0,0.0,0.0,0.0,0.0,0.0,0.0,0.0,0.0,0.0,0.0,0.0,0.0,0.0,0.0,0.0,0.0,0.0,0.0,0.0,Standby,Enabled,Not triggered,0.0,Not triggered,0.0,Not triggered,0.0,0.0,0.0,Not triggered,Not triggered,0.0,0.0,0.0,0.0,0.0,0.0,0.0,0.0,0.0,0.0,0.0,0.0,0.0,0.0,0.0,0.0,0.0,0.0,0.0,0.0,0.0,0.0,0.0,0.0
avg_79,25-02-2026 17:54:00,25-02-2026,T-001,COMP-01,RUN-A,SENS-01,can_log_25022026_172337.csv,7929,2026-10-06T05:37:43.647959+00:00,Matched,OK,0.0,0.0,0.0,0.0,0.0,,0.0,0.0,0.0,0.0,0.0,0.0,0.0,190.0,-50.0,0.0,0.0,0.0,STOP,0.0,0.0,0.0,0.0,0.0,0.0,,25-02-2026 17:54:00:034,0.0,-58.0,,0.0,3039.0374,215.0,4.0,34.0,15.0,8.0,255.0,60.0,0.0,0.0,0.0,43.0,33.0,27.7953,1.0,0.0,0.0,0.0,0.0,0.0,0.0,0.0,0.0,0.0,0.0,0.0,0.0,0.0,0.0,0.0,0.0,0.0,N.A.,0.0,N.A.,0.0,0.0,0.0,0.0,0.2554,,0.0,0.0,0.0,0.0,0.0,0.0,0.0,0.0,0.0,0.0,0.0,0.0,0.0,0.0,0.0,0.0,0.0,0.0,0.0,0.0,0.0,0.0,0.0,0.0,0.0,0.0,0.0,0.0,0.0,Standby,Enabled,Not triggered,0.0,Not triggered,0.0,Not triggered,0.0,0.0,0.0,Not triggered,Not triggered,0.0,0.0,0.0,0.0,0.0,0.0,0.0,0.0,0.0,0.0,0.0,0.0,0.0,0.0,0.0,0.0,0.0,0.0,0.0,0.0,0.0,0.0,0.0,0.0
avg_80,25-02-2026 17:55:00,25-02-2026,T-001,COMP-01,RUN-A,SENS-01,can_log_25022026_172337.csv,8036,2026-10-06T05:37:43.662654+00:00,Matched,OK,0.0,0.0,0.0,0.0,0.0,,0.0,0.0,0.0,0.0,0.0,0.0,0.0,190.0,-50.0,0.0,0.0,0.0,STOP,0.0,0.0,0.0,0.0,0.0,0.0,,25-02-2026 17:55:00:029,0.0,-58.0,,0.0,3137.1019,215.0,4.0,34.0,15.0,8.0,255.0,60.0,0.0,0.0,0.0,43.0,33.0,27.8,1.0,0.0,0.0,0.0,0.0,0.0,0.0,0.0,0.0,0.0,0.0,0.0,0.0,0.0,0.0,0.0,0.0,0.0,N.A.,0.0,N.A.,0.0,0.0,0.0,0.0,0.2551,,0.0,0.0,0.0,0.0,0.0,0.0,0.0,0.0,0.0,0.0,0.0,0.0,0.0,0.0,0.0,0.0,0.0,0.0,0.0,0.0,0.0,0.0,0.0,0.0,0.0,0.0,0.0,0.0,0.0,Standby,Enabled,Not triggered,0.0,Not triggered,0.0,Not triggered,0.0,0.0,0.0,Not triggered,Not triggered,0.0,0.0,0.0,0.0,0.0,0.0,0.0,0.0,0.0,0.0,0.0,0.0,0.0,0.0,0.0,0.0,0.0,0.0,0.0,0.0,0.0,0.0,0.0,0.0
avg_81,25-02-2026 17:56:00,25-02-2026,T-001,COMP-01,RUN-A,SENS-01,can_log_25022026_172337.csv,8144,2026-10-06T05:37:43.677508+00:00,Matched,OK,0.0,0.0,0.0,0.0,0.0,,0.0,0.0,0.0,0.0,0.0,0.0,0.0,190.0,-50.0,0.0,0.0,0.0,STOP,0.0,0.0,0.0,0.0,0.0,0.0,,25-02-2026 17:56:00:033,0.0,-58.0,,0.0,3235.1376,215.0,4.0,34.0,15.0,8.0,255.0,60.0,0.0,0.0,0.0,43.0,33.0,27.7954,1.0,0.0,0.0,0.0,0.0,0.0,0.0,0.0,0.0,0.0,0.0,0.0,0.0,0.0,0.0,0.0,0.0,0.0,N.A.,0.0,N.A.,0.0,0.0,0.0,0.0,0.2559,,0.0,0.0,0.0,0.0,0.0,0.0,0.0,0.0,0.0,0.0,0.0,0.0,0.0,0.0,0.0,0.0,0.0,0.0,0.0,0.0,0.0,0.0,0.0,0.0,0.0,0.0,0.0,0.0,0.0,Standby,Enabled,Not triggered,0.0,Not triggered,0.0,Not triggered,0.0,0.0,0.0,Not triggered,Not triggered,0.0,0.0,0.0,0.0,0.0,0.0,0.0,0.0,0.0,0.0,0.0,0.0,0.0,0.0,0.0,0.0,0.0,0.0,0.0,0.0,0.0,0.0,0.0,0.0
avg_82,25-02-2026 17:57:00,25-02-2026,T-001,COMP-01,RUN-A,SENS-01,can_log_25022026_172337.csv,8253,2026-10-06T05:37:43.692769+00:00,Matched,OK,0.0,0.0,0.0,0.0,0.0,,0.0,0.0,0.0,0.0,0.0,0.0,0.0,190.0,-50.0,0.0,0.0,0.0,STOP,0.0,0.0,0.0,0.0,0.0,0.0,,25-02-2026 17:57:00:235,0.0,-58.0,,0.0,3334.1455,215.0,4.0,34.0,15.0,8.0,255.0,60.0,0.0,0.0,0.0,43.0,33.0,27.8,1.0,0.0,0.0,0.0,0.0,0.0,0.0,0.0,0.0,0.0,0.0,0.0,0.0,0.0,0.0,0.0,0.0,0.0,N.A.,0.0,N.A.,0.0,0.0,0.0,0.0,0.2557,,0.0,0.0,0.0,0.0,0.0,0.0,0.0,0.0,0.0,0.0,0.0,0.0,0.0,0.0,0.0,0.0,0.0,0.0,0.0,0.0,0.0,0.0,0.0,0.0,0.0,0.0,0.0,0.0,0.0,Standby,Enabled,Not triggered,0.0,Not triggered,0.0,Not triggered,0.0,0.0,0.0,Not triggered,Not triggered,0.0,0.0,0.0,0.0,0.0,0.0,0.0,0.0,0.0,0.0,0.0,0.0,0.0,0.0,0.0,0.0,0.0,0.0,0.0,0.0,0.0,0.0,0.0,0.0
avg_83,25-02-2026 17:58:00,25-02-2026,T-001,COMP-01,RUN-A,SENS-01,can_log_25022026_172337.csv,8363,2026-10-06T05:37:43.707993+00:00,Matched,OK,0.0,0.0,0.0,0.0,0.0,,0.0,0.0,0.0,0.0,0.0,0.0,0.0,190.0,-50.0,0.0,0.0,0.0,STOP,0.0,0.0,0.0,0.0,0.0,0.0,,25-02-2026 17:58:00:636,0.0,-58.0,,0.0,3434.1712,215.0,4.0,34.0,15.0,8.0,255.0,60.0,0.0,0.0,0.0,43.0,33.0,27.8,1.0,0.0,0.0,0.0,0.0,0.0,0.0,0.0,0.0,0.0,0.0,0.0,0.0,0.0,0.0,0.0,0.0,0.0,N.A.,0.0,N.A.,0.0,0.0,0.0,0.0,0.256,,0.0,0.0,0.0,0.0,0.0,0.0,0.0,0.0,0.0,0.0,0.0,0.0,0.0,0.0,0.0,0.0,0.0,0.0,0.0,0.0,0.0,0.0,0.0,0.0,0.0,0.0,0.0,0.0,0.0,Standby,Enabled,Not triggered,0.0,Not triggered,0.0,Not triggered,0.0,0.0,0.0,Not triggered,Not triggered,0.0,0.0,0.0,0.0,0.0,0.0,0.0,0.0,0.0,0.0,0.0,0.0,0.0,0.0,0.0,0.0,0.0,0.0,0.0,0.0,0.0,0.0,0.0,0.0
avg_84,25-02-2026 17:59:00,25-02-2026,T-001,COMP-01,RUN-A,SENS-01,can_log_25022026_172337.csv,8474,2026-10-06T05:37:43.723553+00:00,Matched,OK,0.0,0.0,0.0,0.0,0.0,,0.0,0.0,0.0,0.0,0.0,0.0,0.0,190.0,-50.0,0.0,0.0,0.0,STOP,0.0,0.0,0.0,0.0,0.0,0.0,,25-02-2026 17:59:01:237,0.0,-58.0,,0.0,3534.5856,215.0,4.0,34.0,15.0,8.0,255.0,60.0,0.0,0.0,0.0,43.0,33.0,26.0703,1.0,0.0,0.0,0.0,0.0,0.0,0.0,0.0,0.0,0.0,0.0,0.0,0.0,0.0,0.0,0.0,0.0,0.0,N.A.,0.0,N.A.,0.0,0.0,0.0,0.0,0.2649,,0.0,0.0,0.0,0.0,0.0,0.0,0.0,0.0,0.0,0.0,0.0,0.0,0.0,0.0,0.0,0.0,0.0,0.0,0.0,0.0,0.0,0.0,0.0,0.0,0.0,0.0,0.0,0.0,0.0,Standby,Enabled,Not triggered,0.0,Not triggered,0.0,Not triggered,0.0,0.0,0.0,Not triggered,Not triggered,0.0,0.0,0.0,0.0,0.0,0.0,0.0,0.0,0.0,0.0,0.0,0.0,0.0,0.0,0.0,0.0,0.0,0.0,0.0,0.0,0.0,0.0,0.0,0.0
avg_85,25-02-2026 18:00:00,25-02-2026,T-001,COMP-01,RUN-A,SENS-01,can_log_25022026_172337.csv,8585,2026-10-06T05:37:43.738943+00:00,Matched,OK,0.0,0.0,0.0,0.0,0.0,,0.0,0.0,0.0,0.0,0.0,0.0,0.0,190.0,-50.0,0.0,0.0,0.0,STOP,0.0,0.0,0.0,0.0,0.0,0.0,,25-02-2026 18:00:01:838,0.0,-58.0,,0.0,3634.964,215.0,4.0,34.0,15.0,8.0,255.0,60.0,0.0,0.0,0.0,43.0,33.0,25.6716,1.0,0.0,0.0,0.0,0.0,0.0,0.0,0.0,0.0,0.0,0.0,0.0,0.0,0.0,0.0,0.0,0.0,0.0,N.A.,0.0,N.A.,0.0,0.0,0.0,0.0,0.268,,0.0,0.0,0.0,0.0,0.0,0.0,0.0,0.0,0.0,0.0,0.0,0.0,0.0,0.0,0.0,0.0,0.0,0.0,0.0,0.0,0.0,0.0,0.0,0.0,0.0,0.0,0.0,0.0,0.0,Standby,Enabled,Not triggered,0.0,Not triggered,0.0,Not triggered,0.0,0.0,0.0,Not triggered,Not triggered,0.0,0.0,0.0,0.0,0.0,0.0,0.0,0.0,0.0,0.0,0.0,0.0,0.0,0.0,0.0,0.0,0.0,0.0,0.0,0.0,0.0,0.0,0.0,0.0
avg_86,25-02-2026 18:01:00,25-02-2026,T-001,COMP-01,RUN-A,SENS-01,can_log_25022026_172337.csv,8696,2026-10-06T05:37:43.754321+00:00,Matched,OK,0.0,0.0,0.0,0.0,0.0,,0.0,0.0,0.0,0.0,0.0,0.0,0.0,190.0,-50.0,0.0,0.0,0.0,STOP,0.0,0.0,0.0,0.0,0.0,0.0,,25-02-2026 18:01:02:436,0.0,-58.0,,0.0,3734.5505,215.0,4.0,34.0,15.0,8.0,255.0,60.0,0.0,0.0,0.0,43.0,33.0,25.5399,1.0,0.0,0.0,0.0,0.0,0.0,0.0,0.0,0.0,0.0,0.0,0.0,0.0,0.0,0.0,0.0,0.0,0.0,N.A.,0.0,N.A.,0.0,0.0,0.0,0.0,0.2684,,0.0,0.0,0.0,0.0,0.0,0.0,0.0,0.0,0.0,0.0,0.0,0.0,0.0,0.0,0.0,0.0,0.0,0.0,0.0,0.0,0.0,0.0,0.0,0.0,0.0,0.0,0.0,0.0,0.0,Standby,Enabled,Not triggered,0.0,Not triggered,0.0,Not triggered,0.0,0.0,0.0,Not triggered,Not triggered,0.0,0.0,0.0,0.0,0.0,0.0,0.0,0.0,0.0,0.0,0.0,0.0,0.0,0.0,0.0,0.0,0.0,0.0,0.0,0.0,0.0,0.0,0.0,0.0
avg_87,25-02-2026 18:02:00,25-02-2026,T-001,COMP-01,RUN-A,SENS-01,can_log_25022026_172337.csv,8805,2026-10-06T05:37:43.769381+00:00,Matched,OK,0.0,0.0,0.0,0.0,0.0,,0.0,0.0,0.0,0.0,0.0,0.0,0.0,190.0,-50.0,0.0,0.0,0.0,STOP,0.0,0.0,0.0,0.0,0.0,0.0,,25-02-2026 18:02:02:833,0.0,-58.0,,0.0,3834.8108,215.0,4.0,34.0,15.0,8.0,255.0,60.0,0.0,0.0,0.0,43.0,33.0,25.4622,1.0,0.0,0.0,0.0,0.0,0.0,0.0,0.0,0.0,0.0,0.0,0.0,0.0,0.0,0.0,0.0,0.0,0.0,N.A.,0.0,N.A.,0.0,0.0,0.0,0.0,0.2686,,0.0,0.0,0.0,0.0,0.0,0.0,0.0,0.0,0.0,0.0,0.0,0.0,0.0,0.0,0.0,0.0,0.0,0.0,0.0,0.0,0.0,0.0,0.0,0.0,0.0,0.0,0.0,0.0,0.0,Standby,Enabled,Not triggered,0.0,Not triggered,0.0,Not triggered,0.0,0.0,0.0,Not triggered,Not triggered,0.0,0.0,0.0,0.0,0.0,0.0,0.0,0.0,0.0,0.0,0.0,0.0,0.0,0.0,0.0,0.0,0.0,0.0,0.0,0.0,0.0,0.0,0.0,0.0
avg_88,25-02-2026 18:03:00,25-02-2026,T-001,COMP-01,RUN-A,SENS-01,can_log_25022026_172337.csv,8916,2026-10-06T05:37:43.784656+00:00,Matched,OK,0.0,0.0,0.0,0.0,0.0,,0.0,0.0,0.0,0.0,0.0,0.0,0.0,190.0,-50.0,0.0,0.0,0.0,STOP,0.0,0.0,0.0,0.0,0.0,0.0,,25-02-2026 18:03:03:433,0.0,-58.0,,0.0,3934.4907,215.0,4.0,34.0,15.0,8.0,255.0,60.0,0.0,0.0,0.0,43.0,33.0,25.4481,1.0,0.0,0.0,0.0,0.0,0.0,0.0,0.0,0.0,0.0,0.0,0.0,0.0,0.0,0.0,0.0,0.0,0.0,N.A.,0.0,N.A.,0.0,0.0,0.0,0.0,0.2684,,0.0,0.0,0.0,0.0,0.0,0.0,0.0,0.0,0.0,0.0,0.0,0.0,0.0,0.0,0.0,0.0,0.0,0.0,0.0,0.0,0.0,0.0,0.0,0.0,0.0,0.0,0.0,0.0,0.0,Standby,Enabled,Not triggered,0.0,Not triggered,0.0,Not triggered,0.0,0.0,0.0,Not triggered,Not triggered,0.0,0.0,0.0,0.0,0.0,0.0,0.0,0.0,0.0,0.0,0.0,0.0,0.0,0.0,0.0,0.0,0.0,0.0,0.0,0.0,0.0,0.0,0.0,0.0
avg_89,25-02-2026 18:04:00,25-02-2026,T-001,COMP-01,RUN-A,SENS-01,can_log_25022026_172337.csv,9024,2026-10-06T05:37:43.799466+00:00,Matched,OK,0.0,0.0,0.0,0.0,0.0,,0.0,0.0,0.0,0.0,0.0,0.0,0.0,190.0,-50.0,0.0,0.0,0.0,STOP,0.0,0.0,0.0,0.0,0.0,0.0,,25-02-2026 18:04:04:446,0.0,-58.0,,0.0,4036.4,215.0,4.0,34.0,15.0,8.0,255.0,60.0,0.0,0.0,0.0,43.0,33.0,25.3975,1.0,0.0,0.0,0.0,0.0,0.0,0.0,0.0,0.0,0.0,0.0,0.0,0.0,0.0,0.0,0.0,0.0,0.0,N.A.,0.0,N.A.,0.0,0.0,0.0,0.0,0.2687,,0.0,0.0,0.0,0.0,0.0,0.0,0.0,0.0,0.0,0.0,0.0,0.0,0.0,0.0,0.0,0.0,0.0,0.0,0.0,0.0,0.0,0.0,0.0,0.0,0.0,0.0,0.0,0.0,0.0,Standby,Enabled,Not triggered,0.0,Not triggered,0.0,Not triggered,0.0,0.0,0.0,Not triggered,Not triggered,0.0,0.0,0.0,0.0,0.0,0.0,0.0,0.0,0.0,0.0,0.0,0.0,0.0,0.0,0.0,0.0,0.0,0.0,0.0,0.0,0.0,0.0,0.0,0.0
avg_90,25-02-2026 18:05:00,25-02-2026,T-001,COMP-01,RUN-A,SENS-01,can_log_25022026_172337.csv,9124,2026-10-06T05:37:43.813401+00:00,Matched,OK,0.0,0.0,0.0,0.0,0.0,,0.0,0.0,0.0,0.0,0.0,0.0,0.0,190.0,-50.0,0.0,0.0,0.0,STOP,0.0,0.0,0.0,0.0,0.0,0.0,,25-02-2026 18:05:05:044,0.0,-58.0,,0.0,4136.52,215.0,4.0,34.0,15.0,8.0,255.0,60.0,0.0,0.0,0.0,43.0,33.0,25.3335,1.0,0.0,0.0,0.0,0.0,0.0,0.0,0.0,0.0,0.0,0.0,0.0,0.0,0.0,0.0,0.0,0.0,0.0,N.A.,0.0,N.A.,0.0,0.0,0.0,0.0,0.2686,,0.0,0.0,0.0,0.0,0.0,0.0,0.0,0.0,0.0,0.0,0.0,0.0,0.0,0.0,0.0,0.0,0.0,0.0,0.0,0.0,0.0,0.0,0.0,0.0,0.0,0.0,0.0,0.0,0.0,Standby,Enabled,Not triggered,0.0,Not triggered,0.0,Not triggered,0.0,0.0,0.0,Not triggered,Not triggered,0.0,0.0,0.0,0.0,0.0,0.0,0.0,0.0,0.0,0.0,0.0,0.0,0.0,0.0,0.0,0.0,0.0,0.0,0.0,0.0,0.0,0.0,0.0,0.0
avg_91,25-02-2026 18:06:00,25-02-2026,T-001,COMP-01,RUN-A,SENS-01,can_log_25022026_172337.csv,9224,2026-10-06T05:37:43.827342+00:00,Matched,OK,0.0,0.0,0.0,0.0,0.0,,0.0,0.0,0.0,0.0,0.0,0.0,0.0,190.0,-50.0,0.0,0.0,0.0,STOP,0.0,0.0,0.0,0.0,0.0,0.0,,25-02-2026 18:06:05:634,0.0,-58.0,,0.0,4236.6,215.0,4.0,34.0,15.0,8.0,255.0,60.0,0.0,0.0,0.0,43.0,33.0,25.295,1.0,0.0,0.0,0.0,0.0,0.0,0.0,0.0,0.0,0.0,0.0,0.0,0.0,0.0,0.0,0.0,0.0,0.0,N.A.,0.0,N.A.,0.0,0.0,0.0,0.0,0.2687,,0.0,0.0,0.0,0.0,0.0,0.0,0.0,0.0,0.0,0.0,0.0,0.0,0.0,0.0,0.0,0.0,0.0,0.0,0.0,0.0,0.0,0.0,0.0,0.0,0.0,0.0,0.0,0.0,0.0,Standby,Enabled,Not triggered,0.0,Not triggered,0.0,Not triggered,0.0,0.0,0.0,Not triggered,Not triggered,0.0,0.0,0.0,0.0,0.0,0.0,0.0,0.0,0.0,0.0,0.0,0.0,0.0,0.0,0.0,0.0,0.0,0.0,0.0,0.0,0.0,0.0,0.0,0.0
avg_92,25-02-2026 18:07:00,25-02-2026,T-001,COMP-01,RUN-A,SENS-01,can_log_25022026_172337.csv,9324,2026-10-06T05:37:43.841126+00:00,Matched,OK,0.0,0.0,0.0,0.0,0.0,,0.0,0.0,0.0,0.0,0.0,0.0,0.0,190.0,-50.0,0.0,0.0,0.0,STOP,0.0,0.0,0.0,0.0,0.0,0.0,,25-02-2026 18:07:06:031,0.0,-58.0,,0.0,4336.6238,215.0,4.0,34.0,15.0,8.0,255.0,60.0,0.0,0.0,0.0,43.0,33.0,25.3,1.0,0.0,0.0,0.0,0.0,0.0,0.0,0.0,0.0,0.0,0.0,0.0,0.0,0.0,0.0,0.0,0.0,0.0,N.A.,0.0,N.A.,0.0,0.0,0.0,0.0,0.2687,,0.0,0.0,0.0,0.0,0.0,0.0,0.0,0.0,0.0,0.0,0.0,0.0,0.0,0.0,0.0,0.0,0.0,0.0,0.0,0.0,0.0,0.0,0.0,0.0,0.0,0.0,0.0,0.0,0.0,Standby,Enabled,Not triggered,0.0,Not triggered,0.0,Not triggered,0.0,0.0,0.0,Not triggered,Not triggered,0.0,0.0,0.0,0.0,0.0,0.0,0.0,0.0,0.0,0.0,0.0,0.0,0.0,0.0,0.0,0.0,0.0,0.0,0.0,0.0,0.0,0.0,0.0,0.0
avg_93,25-02-2026 18:08:00,25-02-2026,T-001,COMP-01,RUN-A,SENS-01,can_log_25022026_172337.csv,9425,2026-10-06T05:37:43.855190+00:00,Matched,OK,0.0,0.0,0.0,0.0,0.0,,0.0,0.0,0.0,0.0,0.0,0.0,0.0,190.0,-50.0,0.0,0.0,0.0,STOP,0.0,0.0,0.0,0.0,0.0,0.0,,25-02-2026 18:08:06:639,0.0,-58.0,,0.0,4436.4851,215.0,4.0,34.0,15.0,8.0,255.0,60.0,0.0,0.0,0.0,43.0,33.0,25.2851,1.0,0.0,0.0,0.0,0.0,0.0,0.0,0.0,0.0,0.0,0.0,0.0,0.0,0.0,0.0,0.0,0.0,0.0,N.A.,0.0,N.A.,0.0,0.0,0.0,0.0,0.2687,,0.0,0.0,0.0,0.0,0.0,0.0,0.0,0.0,0.0,0.0,0.0,0.0,0.0,0.0,0.0,0.0,0.0,0.0,0.0,0.0,0.0,0.0,0.0,0.0,0.0,0.0,0.0,0.0,0.0,Standby,Enabled,Not triggered,0.0,Not triggered,0.0,Not triggered,0.0,0.0,0.0,Not triggered,Not triggered,0.0,0.0,0.0,0.0,0.0,0.0,0.0,0.0,0.0,0.0,0.0,0.0,0.0,0.0,0.0,0.0,0.0,0.0,0.0,0.0,0.0,0.0,0.0,0.0
avg_94,25-02-2026 18:09:00,25-02-2026,T-001,COMP-01,RUN-A,SENS-01,can_log_25022026_172337.csv,9526,2026-10-06T05:37:43.869155+00:00,Matched,OK,0.0,0.0,0.0,0.0,0.0,,0.0,0.0,0.0,0.0,0.0,0.0,0.0,190.0,-50.0,0.0,0.0,0.0,STOP,0.0,0.0,0.0,0.0,0.0,0.0,,25-02-2026 18:09:07:036,0.0,-58.0,,0.0,4536.4,215.0,4.0,34.0,15.0,8.0,255.0,60.0,0.0,0.0,0.0,43.0,33.0,25.277,1.0,0.0,0.0,0.0,0.0,0.0,0.0,0.0,0.0,0.0,0.0,0.0,0.0,0.0,0.0,0.0,0.0,0.0,N.A.,0.0,N.A.,0.0,0.0,0.0,0.0,0.2687,,0.0,0.0,0.0,0.0,0.0,0.0,0.0,0.0,0.0,0.0,0.0,0.0,0.0,0.0,0.0,0.0,0.0,0.0,0.0,0.0,0.0,0.0,0.0,0.0,0.0,0.0,0.0,0.0,0.0,Standby,Enabled,Not triggered,0.0,Not triggered,0.0,Not triggered,0.0,0.0,0.0,Not triggered,Not triggered,0.0,0.0,0.0,0.0,0.0,0.0,0.0,0.0,0.0,0.0,0.0,0.0,0.0,0.0,0.0,0.0,0.0,0.0,0.0,0.0,0.0,0.0,0.0,0.0
avg_95,25-02-2026 18:10:00,25-02-2026,T-001,COMP-01,RUN-A,SENS-01,can_log_25022026_172337.csv,9626,2026-10-06T05:37:43.882941+00:00,Matched,OK,0.0,0.0,0.0,0.0,0.0,,0.0,0.0,0.0,0.0,0.0,0.0,0.0,190.0,-50.0,0.0,0.0,0.0,STOP,0.0,0.0,0.0,0.0,0.0,0.0,,25-02-2026 18:10:07:645,0.0,-58.0,,0.0,4636.6,215.0,4.0,34.0,15.0,8.0,255.0,60.0,0.0,0.0,0.0,43.0,33.0,25.263,1.0,0.0,0.0,0.0,0.0,0.0,0.0,0.0,0.0,0.0,0.0,0.0,0.0,0.0,0.0,0.0,0.0,0.0,N.A.,0.0,N.A.,0.0,0.0,0.0,0.0,0.2686,,0.0,0.0,0.0,0.0,0.0,0.0,0.0,0.0,0.0,0.0,0.0,0.0,0.0,0.0,0.0,0.0,0.0,0.0,0.0,0.0,0.0,0.0,0.0,0.0,0.0,0.0,0.0,0.0,0.0,Standby,Enabled,Not triggered,0.0,Not triggered,0.0,Not triggered,0.0,0.0,0.0,Not triggered,Not triggered,0.0,0.0,0.0,0.0,0.0,0.0,0.0,0.0,0.0,0.0,0.0,0.0,0.0,0.0,0.0,0.0,0.0,0.0,0.0,0.0,0.0,0.0,0.0,0.0
avg_96,25-02-2026 18:11:00,25-02-2026,T-001,COMP-01,RUN-A,SENS-01,can_log_25022026_172337.csv,9726,2026-10-06T05:37:43.896819+00:00,Matched,OK,0.0,0.0,0.0,0.0,0.0,,0.0,0.0,0.0,0.0,0.0,0.0,0.0,190.0,-50.0,0.0,0.0,0.0,STOP,0.0,0.0,0.0,0.0,0.0,0.0,,25-02-2026 18:11:08:234,0.0,-58.0,,0.0,4736.9604,215.0,4.0,34.0,15.0,8.0,255.0,60.0,0.0,0.0,0.0,43.0,33.0,25.2673,1.0,0.0,0.0,0.0,0.0,0.0,0.0,0.0,0.0,0.0,0.0,0.0,0.0,0.0,0.0,0.0,0.0,0.0,N.A.,0.0,N.A.,0.0,0.0,0.0,0.0,0.2686,,0.0,0.0,0.0,0.0,0.0,0.0,0.0,0.0,0.0,0.0,0.0,0.0,0.0,0.0,0.0,0.0,0.0,0.0,0.0,0.0,0.0,0.0,0.0,0.0,0.0,0.0,0.0,0.0,0.0,Standby,Enabled,Not triggered,0.0,Not triggered,0.0,Not triggered,0.0,0.0,0.0,Not triggered,Not triggered,0.0,0.0,0.0,0.0,0.0,0.0,0.0,0.0,0.0,0.0,0.0,0.0,0.0,0.0,0.0,0.0,0.0,0.0,0.0,0.0,0.0,0.0,0.0,0.0
avg_97,25-02-2026 18:12:00,25-02-2026,T-001,COMP-01,RUN-A,SENS-01,can_log_25022026_172337.csv,9827,2026-10-06T05:37:43.912678+00:00,Matched,OK,0.0,0.0,0.0,0.0,0.0,,0.0,0.0,0.0,0.0,0.0,0.0,0.0,190.0,-50.0,0.0,0.0,0.0,STOP,0.0,0.0,0.0,0.0,0.0,0.0,,25-02-2026 18:12:08:633,0.0,-58.0,,0.0,4836.6337,215.0,4.0,34.0,15.0,8.0,255.0,60.0,0.0,0.0,0.0,42.802,33.0,25.2624,1.0,0.0,0.0,0.0,0.0,0.0,0.0,0.0,0.0,0.0,0.0,0.0,0.0,0.0,0.0,0.0,0.0,0.0,N.A.,0.0,N.A.,0.0,0.0,0.0,0.0,0.2687,,0.0,0.0,0.0,0.0,0.0,0.0,0.0,0.0,0.0,0.0,0.0,0.0,0.0,0.0,0.0,0.0,0.0,0.0,0.0,0.0,0.0,0.0,0.0,0.0,0.0,0.0,0.0,0.0,0.0,Standby,Enabled,Not triggered,0.0,Not triggered,0.0,Not triggered,0.0,0.0,0.0,Not triggered,Not triggered,0.0,0.0,0.0,0.0,0.0,0.0,0.0,0.0,0.0,0.0,0.0,0.0,0.0,0.0,0.0,0.0,0.0,0.0,0.0,0.0,0.0,0.0,0.0,0.0
avg_98,25-02-2026 18:13:00,25-02-2026,T-001,COMP-01,RUN-A,SENS-01,can_log_25022026_172337.csv,9928,2026-10-06T05:37:43.926757+00:00,Matched,OK,0.0,0.0,0.0,0.0,0.0,,0.0,0.0,0.0,0.0,0.0,0.0,0.0,190.0,-50.0,0.0,0.0,0.0,STOP,0.0,0.0,0.0,0.0,0.0,0.0,,25-02-2026 18:13:09:231,0.0,-58.0,,0.0,4936.495,215.0,4.0,34.0,15.0,8.0,255.0,60.0,0.0,0.0,0.0,43.0,33.0,25.2698,1.0,0.0,0.0,0.0,0.0,0.0,0.0,0.0,0.0,0.0,0.0,0.0,0.0,0.0,0.0,0.0,0.0,0.0,N.A.,0.0,N.A.,0.0,0.0,0.0,0.0,0.2687,,0.0,0.0,0.0,0.0,0.0,0.0,0.0,0.0,0.0,0.0,0.0,0.0,0.0,0.0,0.0,0.0,0.0,0.0,0.0,0.0,0.0,0.0,0.0,0.0,0.0,0.0,0.0,0.0,0.0,Standby,Enabled,Not triggered,0.0,Not triggered,0.0,Not triggered,0.0,0.0,0.0,Not triggered,Not triggered,0.0,0.0,0.0,0.0,0.0,0.0,0.0,0.0,0.0,0.0,0.0,0.0,0.0,0.0,0.0,0.0,0.0,0.0,0.0,0.0,0.0,0.0,0.0,0.0
avg_99,25-02-2026 18:14:00,25-02-2026,T-001,COMP-01,RUN-A,SENS-01,can_log_25022026_172337.csv,10029,2026-10-06T05:37:43.940472+00:00,Matched,OK,0.0,0.0,0.0,0.0,0.0,,0.0,0.0,0.0,0.0,0.0,0.0,0.0,190.0,-50.0,0.0,0.0,0.0,STOP,0.0,0.0,0.0,0.0,0.0,0.0,,25-02-2026 18:14:09:639,0.0,-58.0,,0.0,5002.4062,215.0,4.0,34.0,15.0,8.0,255.0,60.0,0.0,0.0,0.0,43.0,33.0,25.275,1.0,0.0,0.0,0.0,0.0,0.0,0.0,0.0,0.0,0.0,0.0,0.0,0.0,0.0,0.0,0.0,0.0,0.0,N.A.,0.0,N.A.,0.0,0.0,0.0,0.0,0.2686,,0.0,0.0,0.0,0.0,0.0,0.0,0.0,0.0,0.0,0.0,0.0,0.0,0.0,0.0,0.0,0.0,0.0,0.0,0.0,0.0,0.0,0.0,0.0,0.0,0.0,0.0,0.0,0.0,0.0,Standby,Enabled,Not triggered,0.0,Not triggered,0.0,Not triggered,0.0,0.0,0.0,Not triggered,Not triggered,0.0,0.0,0.0,0.0,0.0,0.0,0.0,0.0,0.0,0.0,0.0,0.0,0.0,0.0,0.0,0.0,0.0,0.0,0.0,0.0,0.0,0.0,0.0,0.0
avg_100,26-02-2026 14:02:00,26-02-2026,T-001,COMP-01,RUN-A,SENS-01,can_log_26022026_140238.csv,10061,2026-10-06T05:37:43.945251+00:00,Matched,OK,0.0,0.0,0.0,0.0,0.0,,0.0,0.0,0.0,0.0,0.0,0.0,0.0,54.2857,-14.2857,0.0,0.0,0.0,STOP,0.0,0.0,0.0,0.0,0.0,0.0,,26-02-2026 14:02:38:967,0.0,-16.5714,,0.0,3.7619,102.381,1.7143,14.5714,6.4286,3.4286,109.2857,28.5714,0.0,0.0,0.0,19.381,15.7143,12.0,0.4762,0.0,0.0,0.0,0.0,0.0,0.0,0.0,0.0,0.0,0.0,0.0,0.0,0.0,0.0,0.0,0.0,0.0,0.0,0.0,0.0,0.0,0.0,0.0,0.0,0.0732,R,0.0,0.0,0.0,0.0,0.0,0.0,0.0,0.0,0.0,0.0,0.0,0.0,0.0,0.0,0.0,0.0,0.0,0.0,0.0,0.0,0.0,0.0,0.0,0.0,0.0,0.0,0.0,0.0,0.0,Standby,Enabled,Not triggered,0.0,Not triggered,0.0,Not triggered,0.0,0.0,0.0,Not triggered,Not triggered,0.0,0.0,0.0,0.0,0.0,0.0,0.0,0.0,0.0,0.0,0.0,0.0,0.0,0.0,0.0,0.0,0.0,0.0,0.0,0.0,0.0,0.0,0.0,0.0
avg_101,26-02-2026 14:03:00,26-02-2026,T-001,COMP-01,RUN-A,SENS-01,can_log_26022026_140238.csv,10082,2026-10-06T05:37:43.948155+00:00,Matched,OK,0.0,0.0,0.0,0.0,0.0,,0.0,0.0,0.0,0.0,0.0,0.0,0.0,190.0,-50.0,0.0,0.0,0.0,STOP,0.0,0.0,0.0,0.0,0.0,0.0,,26-02-2026 14:03:00:034,0.0,-58.0,,0.0,50.2078,215.0,4.0,34.0,15.0,8.0,255.0,60.0,0.0,0.0,0.0,37.0,30.0,25.1916,1.0,0.0,0.0,0.0,0.0,0.0,0.0,0.0,0.0,0.0,0.0,0.0,0.0,0.0,0.0,0.0,0.0,0.0,N.A.,0.0,N.A.,0.0,0.0,0.0,0.0,0.2568,,0.0,0.0,0.0,0.0,0.0,0.0,0.0,0.0,0.0,0.0,0.0,0.0,0.0,0.0,0.0,0.0,0.0,0.0,0.0,0.0,0.0,0.0,0.0,0.0,0.0,0.0,0.0,0.0,0.0,Standby,Enabled,Not triggered,0.0,Not triggered,0.0,Not triggered,0.0,0.0,0.0,Not triggered,Not triggered,0.0,0.0,0.0,0.0,0.0,0.0,0.0,0.0,0.0,0.0,0.0,0.0,0.0,0.0,0.0,0.0,0.0,0.0,0.0,0.0,0.0,0.0,0.0,0.0
avg_102,26-02-2026 14:04:00,26-02-2026,T-001,COMP-01,RUN-A,SENS-01,can_log_26022026_140238.csv,10159,2026-10-06T05:37:43.959092+00:00,Matched,OK,0.0,0.0,0.0,0.0,0.0,,0.0,0.0,0.0,0.0,0.0,0.0,0.2577,190.0,-50.0,0.0103,0.0103,0.0,STOP,0.9794,0.0,0.0,0.0,0.0,0.0,,26-02-2026 14:04:00:034,0.0,-58.0,,0.0,136.0,215.0,4.0,34.0,15.0,8.0,255.0,60.0,0.0,0.0,0.0,37.0,30.0,25.1912,1.0,0.0,0.0,0.0,0.0,0.0,0.3711,0.0,0.0,0.0,0.0,0.0,0.0,0.0,0.0,0.0,0.1134,0.0,26.0,0.0,99.0,0.0,0.0,0.0,0.0,0.2587,,0.0,0.0,0.0,0.0,0.2474,0.0,0.0,0.0,0.0,0.0,0.0,0.0,0.0,0.0,0.0,0.0,0.0,0.0,0.0,0.0,0.0,0.0,0.0,0.0,0.0,0.0,0.0,0.0,0.0,Standby,Enabled,Not triggered,0.0,Not triggered,0.0,Not triggered,0.0,0.0,0.0,Not triggered,Not triggered,0.0,0.0,0.0,0.0,0.0,0.0,0.0,0.0,0.0,0.0,0.0,0.0,0.0,0.0,0.0,0.0,0.0,0.0,0.0,0.0,0.0,0.0,0.0,0.0
avg_103,26-02-2026 14:05:00,26-02-2026,T-001,COMP-01,RUN-A,SENS-01,can_log_26022026_140238.csv,10256,2026-10-06T05:37:43.972457+00:00,Matched,OK,0.0,0.0,0.0,0.0,0.0,,0.0,0.0,0.0,0.0,0.0,0.0,25.0,190.0,-50.0,1.0,1.0,0.0,STOP,95.0,0.0,0.0,0.0,0.0,0.0,,26-02-2026 14:05:00:040,0.0,-58.0,,0.0,283.4596,215.0,4.0,34.0,15.0,8.0,255.0,60.0,0.0,0.0,0.0,37.0,30.0,25.1545,1.0,0.0,0.0,0.0,0.0,0.0,2271.8283,0.0,0.0,0.0,0.0,0.0,0.0,0.0,0.0,0.0,1296.202,0.0,26.0,4.9747,32.4375,0.0,0.0,0.0,0.0,0.2589,,0.0,0.0,0.0,0.0,24.0,0.0,0.0,0.0,0.0,0.0,0.0,0.0,0.0,0.0,0.0,0.0,0.0,0.0,0.0,0.0,0.0,0.0,0.0,0.0,0.0,0.0,0.0,0.0,0.0,Standby,Enabled,Not triggered,-8.791,Not triggered,0.0,Not triggered,252.4242,351.9798,22.0015,Not triggered,Not triggered,0.0,0.0,0.0,0.0,0.0,0.0,0.0,0.0,0.0,0.0,0.0,0.0,0.0,0.0,0.0,0.0,0.0,0.0,0.0,0.0,0.0,0.0,0.0,0.0
avg_104,26-02-2026 14:06:00,26-02-2026,T-001,COMP-01,RUN-A,SENS-01,can_log_26022026_140238.csv,10454,2026-10-06T05:37:44.000152+00:00,Matched,OK,0.0,0.0,0.0,0.0,0.0,,0.0,0.0,0.0,0.0,0.0,0.0,25.0,190.0,-50.0,1.0,1.0,0.0,STOP,95.0,0.0,0.0,0.0,0.0,0.0,,26-02-2026 14:06:00:047,0.0,-58.0,,0.0,431.551,215.0,4.0,34.0,15.0,8.0,255.0,60.0,0.0,0.0,0.0,37.0,30.0,25.174,1.0,0.0,0.0,0.0,0.0,0.0,3468.0,0.0,0.0,0.0,0.0,0.0,0.0,0.0,0.0,0.0,2014.0,0.0,N.A.,5.0,N.A.,0.0,0.0,0.0,0.0,0.261,,0.0,0.0,0.0,0.0,24.0,0.0,0.0,0.0,0.0,0.0,0.0,0.0,0.0,0.0,0.0,0.0,0.0,0.0,0.0,0.0,0.0,0.0,0.0,0.0,0.0,0.0,0.0,0.0,0.0,Standby,Enabled,Not triggered,-8.88,Not triggered,0.0,Not triggered,255.0,545.0,14.84,Not triggered,Not triggered,0.0,0.0,0.0,0.0,0.0,0.0,0.0,0.0,0.0,0.0,0.0,0.0,0.0,0.0,0.0,0.0,0.0,0.0,0.0,0.0,0.0,0.0,0.0,0.0
avg_105,26-02-2026 14:07:00,26-02-2026,T-001,COMP-01,RUN-A,SENS-01,can_log_26022026_140238.csv,10552,2026-10-06T05:37:44.013735+00:00,Matched,OK,0.0,0.0,0.0,0.0,0.0,,0.0,0.0,0.0,0.0,0.0,0.0,25.0,190.0,-50.0,1.0,1.0,0.0,STOP,95.0,0.0,0.0,0.0,0.0,0.0,,26-02-2026 14:07:00:029,0.0,-58.0,,0.0,529.0412,215.0,4.0,34.0,15.0,8.0,255.0,60.0,0.0,0.0,0.0,37.0,30.0,25.1773,1.0,0.0,0.0,0.0,0.0,0.0,3468.0,0.0,0.0,0.0,0.0,0.0,0.0,0.0,0.0,0.0,2014.0,0.0,N.A.,5.0,N.A.,0.0,0.0,0.0,0.0,0.2606,,0.0,0.0,0.0,0.0,24.0,0.0,0.0,0.0,0.0,0.0,0.0,0.0,0.0,0.0,0.0,0.0,0.0,0.0,0.0,0.0,0.0,0.0,0.0,0.0,0.0,0.0,0.0,0.0,0.0,Standby,Enabled,Not triggered,-8.88,Not triggered,0.0,Not triggered,255.0,545.0,14.84,Not triggered,Not triggered,0.0,0.0,0.0,0.0,0.0,0.0,0.0,0.0,0.0,0.0,0.0,0.0,0.0,0.0,0.0,0.0,0.0,0.0,0.0,0.0,0.0,0.0,0.0,0.0
avg_106,26-02-2026 14:08:00,26-02-2026,T-001,COMP-01,RUN-A,SENS-01,can_log_26022026_140238.csv,10649,2026-10-06T05:37:44.027145+00:00,Matched,OK,0.0,0.0,0.0,0.0,0.0,,0.0,0.0,0.0,0.0,0.0,0.0,25.0,190.0,-50.0,1.0,1.0,0.0,STOP,95.0,0.0,0.0,0.0,0.0,0.0,,26-02-2026 14:08:00:029,0.0,-58.0,,0.0,626.0825,215.0,4.0,34.0,15.0,8.0,255.0,60.0,0.0,0.0,0.0,37.0,30.0,25.182,1.0,0.0,0.0,0.0,0.0,0.0,3468.0,0.0,0.0,0.0,0.0,0.0,0.0,0.0,0.0,0.0,2014.0,0.0,N.A.,5.0,N.A.,0.0,0.0,0.0,0.0,0.2613,,0.0,0.0,0.0,0.0,24.0,0.0,0.0,0.0,0.0,0.0,0.0,0.0,0.0,0.0,0.0,0.0,0.0,0.0,0.0,0.0,0.0,0.0,0.0,0.0,0.0,0.0,0.0,0.0,0.0,Standby,Enabled,Not triggered,-8.88,Not triggered,0.0,Not triggered,255.0,545.0,14.84,Not triggered,Not triggered,0.0,0.0,0.0,0.0,0.0,0.0,0.0,0.0,0.0,0.0,0.0,0.0,0.0,0.0,0.0,0.0,0.0,0.0,0.0,0.0,0.0,0.0,0.0,0.0
avg_107,26-02-2026 14:09:00,26-02-2026,T-001,COMP-01,RUN-A,SENS-01,can_log_26022026_140238.csv,10746,2026-10-06T05:37:44.040672+00:00,Matched,OK,0.0,0.0,0.0,0.0,0.0,,0.0,0.0,0.0,0.0,0.0,0.0,25.0,190.0,-50.0,1.0,1.0,0.0,STOP,95.0,0.0,0.0,0.0,0.0,0.0,,26-02-2026 14:09:00:032,0.0,-58.0,,0.0,724.101,215.0,4.0,34.0,15.0,8.0,255.0,60.0,0.0,0.0,0.0,37.0,30.0,25.1823,1.0,0.0,0.0,0.0,0.0,0.0,3468.0,0.0,0.0,0.0,0.0,0.0,0.0,0.0,0.0,0.0,2014.0,0.0,N.A.,5.0,N.A.,0.0,0.0,0.0,0.0,0.2635,,0.0,0.0,0.0,0.0,24.0,0.0,0.0,0.0,0.0,0.0,0.0,0.0,0.0,0.0,0.0,0.0,0.0,0.0,0.0,0.0,0.0,0.0,0.0,0.0,0.0,0.0,0.0,0.0,0.0,Standby,Enabled,Not triggered,-8.88,Not triggered,0.0,Not triggered,255.0,545.0,14.84,Not triggered,Not triggered,0.0,0.0,0.0,0.0,0.0,0.0,0.0,0.0,0.0,0.0,0.0,0.0,0.0,0.0,0.0,0.0,0.0,0.0,0.0,0.0,0.0,0.0,0.0,0.0
avg_108,26-02-2026 14:10:00,26-02-2026,T-001,COMP-01,RUN-A,SENS-01,can_log_26022026_140238.csv,10845,2026-10-06T05:37:44.054483+00:00,Matched,OK,0.0,0.0,0.0,0.0,0.0,,0.0,0.0,0.0,0.0,0.0,0.0,25.0,190.0,-50.0,1.0,1.0,0.0,STOP,95.0,0.0,0.0,0.0,0.0,0.0,,26-02-2026 14:10:00:232,0.0,-58.0,,0.0,823.5,215.0,4.0,34.0,15.0,8.0,255.0,60.0,0.0,0.0,0.0,37.0,30.0,25.1875,1.0,0.0,0.0,0.0,0.0,0.0,3468.0,0.0,0.0,0.0,0.0,0.0,0.0,0.0,0.0,0.0,2014.0,0.0,N.A.,5.0,N.A.,0.0,0.0,0.0,0.0,0.2645,,0.0,0.0,0.0,0.0,24.0,0.0,0.0,0.0,0.0,0.0,0.0,0.0,0.0,0.0,0.0,0.0,0.0,0.0,0.0,0.0,0.0,0.0,0.0,0.0,0.0,0.0,0.0,0.0,0.0,Standby,Enabled,Not triggered,-8.88,Not triggered,0.0,Not triggered,255.0,545.0,14.84,Not triggered,Not triggered,0.0,0.0,0.0,0.0,0.0,0.0,0.0,0.0,0.0,0.0,0.0,0.0,0.0,0.0,0.0,0.0,0.0,0.0,0.0,0.0,0.0,0.0,0.0,0.0
avg_109,26-02-2026 14:11:00,26-02-2026,T-001,COMP-01,RUN-A,SENS-01,can_log_26022026_140238.csv,10945,2026-10-06T05:37:44.068482+00:00,Matched,OK,0.0,0.0,0.0,0.0,0.0,,0.0,0.0,0.0,0.0,0.0,0.0,25.0,190.0,-50.0,1.0,1.0,0.0,STOP,95.0,0.0,0.0,0.0,0.0,0.0,,26-02-2026 14:11:00:835,0.0,-58.0,,0.0,923.59,215.0,4.0,34.0,15.0,8.0,255.0,60.0,0.0,0.0,0.0,37.0,30.0,25.1825,1.0,0.0,0.0,0.0,0.0,0.0,3468.0,0.0,0.0,0.0,0.0,0.0,0.0,0.0,0.0,0.0,2014.0,0.0,N.A.,5.0,N.A.,0.0,0.0,0.0,0.0,0.2655,,0.0,0.0,0.0,0.0,24.0,0.0,0.0,0.0,0.0,0.0,0.0,0.0,0.0,0.0,0.0,0.0,0.0,0.0,0.0,0.0,0.0,0.0,0.0,0.0,0.0,0.0,0.0,0.0,0.0,Standby,Enabled,Not triggered,-8.88,Not triggered,0.0,Not triggered,255.0,545.0,14.84,Not triggered,Not triggered,0.0,0.0,0.0,0.0,0.0,0.0,0.0,0.0,0.0,0.0,0.0,0.0,0.0,0.0,0.0,0.0,0.0,0.0,0.0,0.0,0.0,0.0,0.0,0.0
avg_110,26-02-2026 14:12:00,26-02-2026,T-001,COMP-01,RUN-A,SENS-01,can_log_26022026_140238.csv,11045,2026-10-06T05:37:44.082421+00:00,Matched,OK,0.0,0.0,0.0,0.0,0.0,,0.0,0.0,0.0,0.0,0.0,0.0,25.0,190.0,-50.0,1.0,1.0,0.0,STOP,95.0,0.0,0.0,0.0,0.0,0.0,,26-02-2026 14:12:01:429,0.0,-58.0,,0.0,1023.6,215.0,4.0,34.0,15.0,8.0,255.0,60.0,0.0,0.0,0.0,37.3,30.0,25.18,1.0,0.0,0.0,0.0,0.0,0.0,3468.0,0.0,0.0,0.0,0.0,0.0,0.0,0.0,0.0,0.0,2014.0,0.0,N.A.,5.0,N.A.,0.0,0.0,0.0,0.0,0.2656,,0.0,0.0,0.0,0.0,24.0,0.0,0.0,0.0,0.0,0.0,0.0,0.0,0.0,0.0,0.0,0.0,0.0,0.0,0.0,0.0,0.0,0.0,0.0,0.0,0.0,0.0,0.0,0.0,0.0,Standby,Enabled,Not triggered,-8.88,Not triggered,0.0,Not triggered,255.0,545.0,14.84,Not triggered,Not triggered,0.0,0.0,0.0,0.0,0.0,0.0,0.0,0.0,0.0,0.0,0.0,0.0,0.0,0.0,0.0,0.0,0.0,0.0,0.0,0.0,0.0,0.0,0.0,0.0
avg_111,26-02-2026 14:13:00,26-02-2026,T-001,COMP-01,RUN-A,SENS-01,can_log_26022026_140238.csv,11145,2026-10-06T05:37:44.096319+00:00,Matched,OK,0.0,0.0,0.0,0.0,0.0,,0.0,0.0,0.0,0.0,0.0,0.0,25.0,190.0,-50.0,1.0,1.0,0.0,STOP,95.0,0.0,0.0,0.0,0.0,0.0,,26-02-2026 14:13:01:831,0.0,-58.0,,0.0,1124.5586,215.0,4.0,34.0,15.0,8.0,255.0,60.0,0.0,0.0,0.0,37.5045,30.0,25.1658,1.0,0.0,0.0,0.0,0.0,0.0,3468.0,0.0,0.0,0.0,0.0,0.0,0.0,0.0,0.0,0.0,2014.0,0.0,N.A.,5.0,N.A.,0.0,0.0,0.0,0.0,0.2665,,0.0,0.0,0.0,0.0,24.0,0.0,0.0,0.0,0.0,0.0,0.0,0.0,0.0,0.0,0.0,0.0,0.0,0.0,0.0,0.0,0.0,0.0,0.0,0.0,0.0,0.0,0.0,0.0,0.0,Standby,Enabled,Not triggered,-8.88,Not triggered,0.0,Not triggered,255.0,545.0,14.84,Not triggered,Not triggered,0.0,0.0,0.0,0.0,0.0,0.0,0.0,0.0,0.0,0.0,0.0,0.0,0.0,0.0,0.0,0.0,0.0,0.0,0.0,0.0,0.0,0.0,0.0,0.0
avg_112,26-02-2026 14:14:00,26-02-2026,T-001,COMP-01,RUN-A,SENS-01,can_log_26022026_140238.csv,11256,2026-10-06T05:37:44.112233+00:00,Matched,OK,0.0,0.0,0.0,0.0,0.0,,0.0,0.0,0.0,0.0,0.0,0.0,25.0,190.0,-50.0,1.0,1.0,0.0,STOP,95.0,0.0,0.0,0.0,0.0,0.0,,26-02-2026 14:14:02:432,0.0,-58.0,,0.0,1224.8829,215.0,4.0,34.0,15.0,8.0,255.0,60.0,0.0,0.0,0.0,37.7748,30.0,25.1658,1.0,0.0,0.0,0.0,0.0,0.0,3468.0,0.0,0.0,0.0,0.0,0.0,0.0,0.0,0.0,0.0,2014.0,0.0,N.A.,5.0,N.A.,0.0,0.0,0.0,0.0,0.2667,,0.0,0.0,0.0,0.0,24.0,0.0,0.0,0.0,0.0,0.0,0.0,0.0,0.0,0.0,0.0,0.0,0.0,0.0,0.0,0.0,0.0,0.0,0.0,0.0,0.0,0.0,0.0,0.0,0.0,Standby,Enabled,Not triggered,-8.88,Not triggered,0.0,Not triggered,255.0,545.0,14.84,Not triggered,Not triggered,0.0,0.0,0.0,0.0,0.0,0.0,0.0,0.0,0.0,0.0,0.0,0.0,0.0,0.0,0.0,0.0,0.0,0.0,0.0,0.0,0.0,0.0,0.0,0.0
avg_113,26-02-2026 14:15:00,26-02-2026,T-001,COMP-01,RUN-A,SENS-01,can_log_26022026_140238.csv,11367,2026-10-06T05:37:44.128382+00:00,Matched,OK,0.0,0.0,0.0,0.0,0.0,,0.0,0.0,0.0,0.0,0.0,0.0,25.0,190.0,-50.0,1.0,1.0,0.0,STOP,95.0,0.0,0.0,0.0,0.0,0.0,,26-02-2026 14:15:03:029,0.0,-58.0,,0.0,1325.1171,215.0,4.0,34.0,15.0,8.0,255.0,60.0,0.0,0.0,0.0,38.4595,30.0,25.1752,1.0,0.0,0.0,0.0,0.0,0.0,3468.0,0.0,0.0,0.0,0.0,0.0,0.0,0.0,0.0,0.0,2014.0,0.0,N.A.,5.0,N.A.,0.0,0.0,0.0,0.0,0.267,,0.0,0.0,0.0,0.0,24.0,0.0,0.0,0.0,0.0,0.0,0.0,0.0,0.0,0.0,0.0,0.0,0.0,0.0,0.0,0.0,0.0,0.0,0.0,0.0,0.0,0.0,0.0,0.0,0.0,Standby,Enabled,Not triggered,-8.88,Not triggered,0.0,Not triggered,255.0,545.0,14.84,Not triggered,Not triggered,0.0,0.0,0.0,0.0,0.0,0.0,0.0,0.0,0.0,0.0,0.0,0.0,0.0,0.0,0.0,0.0,0.0,0.0,0.0,0.0,0.0,0.0,0.0,0.0
avg_114,26-02-2026 14:16:00,26-02-2026,T-001,COMP-01,RUN-A,SENS-01,can_log_26022026_140238.csv,11478,2026-10-06T05:37:44.144434+00:00,Matched,OK,0.0,0.0,0.0,0.0,0.0,,0.0,0.0,0.0,0.0,0.0,0.0,25.0,190.0,-50.0,1.0,1.0,0.0,STOP,95.0,0.0,0.0,0.0,0.0,0.0,,26-02-2026 14:16:03:632,0.0,-58.0,,0.0,1424.9818,215.0,4.0,34.0,15.0,8.0,255.0,60.0,0.0,0.0,0.0,38.2182,30.0,25.1741,1.0,0.0,0.0,0.0,0.0,0.0,3468.0,0.0,0.0,0.0,0.0,0.0,0.0,0.0,0.0,0.0,2014.0,0.0,N.A.,5.0,N.A.,0.0,0.0,0.0,0.0,0.2669,,0.0,0.0,0.0,0.0,24.0,0.0,0.0,0.0,0.0,0.0,0.0,0.0,0.0,0.0,0.0,0.0,0.0,0.0,0.0,0.0,0.0,0.0,0.0,0.0,0.0,0.0,0.0,0.0,0.0,Standby,Enabled,Not triggered,-8.88,Not triggered,0.0,Not triggered,255.0,545.0,14.84,Not triggered,Not triggered,0.0,0.0,0.0,0.0,0.0,0.0,0.0,0.0,0.0,0.0,0.0,0.0,0.0,0.0,0.0,0.0,0.0,0.0,0.0,0.0,0.0,0.0,0.0,0.0
avg_115,26-02-2026 14:17:00,26-02-2026,T-001,COMP-01,RUN-A,SENS-01,can_log_26022026_140238.csv,11588,2026-10-06T05:37:44.160768+00:00,Matched,OK,0.0,0.0,0.0,0.0,0.0,,0.0,0.0,0.0,0.0,0.0,0.0,25.0,190.0,-50.0,1.0,1.0,0.0,STOP,95.0,0.0,0.0,0.0,0.0,0.0,,26-02-2026 14:17:04:035,0.0,-58.0,,0.0,1524.8919,215.0,4.0,34.0,15.0,8.0,255.0,60.0,0.0,0.0,0.0,38.5315,30.0,25.1784,1.0,0.0,0.0,0.0,0.0,0.0,3468.0,0.0,0.0,0.0,0.0,0.0,0.0,0.0,0.0,0.0,2014.0,0.0,N.A.,5.0,N.A.,0.0,0.0,0.0,0.0,0.267,,0.0,0.0,0.0,0.0,24.0,0.0,0.0,0.0,0.0,0.0,0.0,0.0,0.0,0.0,0.0,0.0,0.0,0.0,0.0,0.0,0.0,0.0,0.0,0.0,0.0,0.0,0.0,0.0,0.0,Standby,Enabled,Not triggered,-8.88,Not triggered,0.0,Not triggered,255.0,545.0,14.84,Not triggered,Not triggered,0.0,0.0,0.0,0.0,0.0,0.0,0.0,0.0,0.0,0.0,0.0,0.0,0.0,0.0,0.0,0.0,0.0,0.0,0.0,0.0,0.0,0.0,0.0,0.0
avg_116,26-02-2026 14:18:00,26-02-2026,T-001,COMP-01,RUN-A,SENS-01,can_log_26022026_140238.csv,11699,2026-10-06T05:37:44.177112+00:00,Matched,OK,0.0,0.0,0.0,0.0,0.0,,0.0,0.0,0.0,0.0,0.0,0.0,25.0,190.0,-50.0,1.0,1.0,0.0,STOP,95.0,0.0,0.0,0.0,0.0,0.0,,26-02-2026 14:18:04:642,0.0,-58.0,,0.0,1625.1802,215.0,4.0,34.0,15.0,8.0,255.0,60.0,0.0,0.0,0.0,38.4054,30.0,25.1685,1.0,0.0,0.0,0.0,0.0,0.0,3468.0,0.0,0.0,0.0,0.0,0.0,0.0,0.0,0.0,0.0,2014.0,0.0,N.A.,5.0,N.A.,0.0,0.0,0.0,0.0,0.2678,,0.0,0.0,0.0,0.0,24.0,0.0,0.0,0.0,0.0,0.0,0.0,0.0,0.0,0.0,0.0,0.0,0.0,0.0,0.0,0.0,0.0,0.0,0.0,0.0,0.0,0.0,0.0,0.0,0.0,Standby,Enabled,Not triggered,-8.88,Not triggered,0.0,Not triggered,255.0,545.0,14.84,Not triggered,Not triggered,0.0,0.0,0.0,0.0,0.0,0.0,0.0,0.0,0.0,0.0,0.0,0.0,0.0,0.0,0.0,0.0,0.0,0.0,0.0,0.0,0.0,0.0,0.0,0.0
avg_117,26-02-2026 14:19:00,26-02-2026,T-001,COMP-01,RUN-A,SENS-01,can_log_26022026_140238.csv,11810,2026-10-06T05:37:44.192372+00:00,Matched,OK,0.0,0.0,0.0,0.0,0.0,,0.0,0.0,0.0,0.0,0.0,0.0,25.0,190.0,-50.0,1.0,1.0,0.0,STOP,95.0,0.0,0.0,0.0,0.0,0.0,,26-02-2026 14:19:05:230,0.0,-58.0,,0.0,1725.5315,215.0,4.0,34.0,15.0,8.0,255.0,60.0,0.0,0.0,0.0,38.0991,30.0,25.1617,1.0,0.0,0.0,0.0,0.0,0.0,3468.0,0.0,0.0,0.0,0.0,0.0,0.0,0.0,0.0,0.0,2014.0,0.0,N.A.,5.0,N.A.,0.0,0.0,0.0,0.0,0.2673,,0.0,0.0,0.0,0.0,24.0,0.0,0.0,0.0,0.0,0.0,0.0,0.0,0.0,0.0,0.0,0.0,0.0,0.0,0.0,0.0,0.0,0.0,0.0,0.0,0.0,0.0,0.0,0.0,0.0,Standby,Enabled,Not triggered,-8.88,Not triggered,0.0,Not triggered,255.0,545.0,14.84,Not triggered,Not triggered,0.0,0.0,0.0,0.0,0.0,0.0,0.0,0.0,0.0,0.0,0.0,0.0,0.0,0.0,0.0,0.0,0.0,0.0,0.0,0.0,0.0,0.0,0.0,0.0
avg_118,26-02-2026 14:20:00,26-02-2026,T-001,COMP-01,RUN-A,SENS-01,can_log_26022026_140238.csv,11921,2026-10-06T05:37:44.207597+00:00,Matched,OK,0.0,0.0,0.0,0.0,0.0,,0.0,0.0,0.0,0.0,0.0,0.0,25.0,190.0,-50.0,1.0,1.0,0.0,STOP,95.0,0.0,0.0,0.0,0.0,0.0,,26-02-2026 14:20:05:832,0.0,-58.0,,0.0,1825.8559,215.0,4.0,34.0,15.0,8.0,255.0,60.0,0.0,0.0,0.0,38.2613,30.0,25.1716,1.0,0.0,0.0,0.0,0.0,0.0,3468.0,0.0,0.0,0.0,0.0,0.0,0.0,0.0,0.0,0.0,2014.0,0.0,N.A.,5.0,N.A.,0.0,0.0,0.0,0.0,0.2681,,0.0,0.0,0.0,0.0,24.0,0.0,0.0,0.0,0.0,0.0,0.0,0.0,0.0,0.0,0.0,0.0,0.0,0.0,0.0,0.0,0.0,0.0,0.0,0.0,0.0,0.0,0.0,0.0,0.0,Standby,Enabled,Not triggered,-8.88,Not triggered,0.0,Not triggered,255.0,545.0,14.84,Not triggered,Not triggered,0.0,0.0,0.0,0.0,0.0,0.0,0.0,0.0,0.0,0.0,0.0,0.0,0.0,0.0,0.0,0.0,0.0,0.0,0.0,0.0,0.0,0.0,0.0,0.0
avg_119,26-02-2026 14:21:00,26-02-2026,T-001,COMP-01,RUN-A,SENS-01,can_log_26022026_140238.csv,12032,2026-10-06T05:37:44.223010+00:00,Matched,OK,0.0,0.0,0.0,0.0,0.0,,0.0,0.0,0.0,0.0,0.0,0.0,25.0,190.0,-50.0,1.0,1.0,0.0,STOP,95.0,0.0,0.0,0.0,0.0,0.0,,26-02-2026 14:21:06:439,0.0,-58.0,,0.0,1925.6818,215.0,4.0,34.0,15.0,8.0,255.0,60.0,0.0,0.0,0.0,38.5636,30.0,25.1759,1.0,0.0,0.0,0.0,0.0,0.0,3468.0,0.0,0.0,0.0,0.0,0.0,0.0,0.0,0.0,0.0,2014.0,0.0,N.A.,5.0,N.A.,0.0,0.0,0.0,0.0,0.2678,,0.0,0.0,0.0,0.0,24.0,0.0,0.0,0.0,0.0,0.0,0.0,0.0,0.0,0.0,0.0,0.0,0.0,0.0,0.0,0.0,0.0,0.0,0.0,0.0,0.0,0.0,0.0,0.0,0.0,Standby,Enabled,Not triggered,-8.88,Not triggered,0.0,Not triggered,255.0,545.0,14.84,Not triggered,Not triggered,0.0,0.0,0.0,0.0,0.0,0.0,0.0,0.0,0.0,0.0,0.0,0.0,0.0,0.0,0.0,0.0,0.0,0.0,0.0,0.0,0.0,0.0,0.0,0.0
avg_120,26-02-2026 14:22:00,26-02-2026,T-001,COMP-01,RUN-A,SENS-01,can_log_26022026_140238.csv,12142,2026-10-06T05:37:44.238339+00:00,Matched,OK,0.0,0.0,0.0,0.0,0.0,,0.0,0.0,0.0,0.0,0.0,0.0,25.0,190.0,-50.0,1.0,1.0,0.0,STOP,95.0,0.0,0.0,0.0,0.0,0.0,,26-02-2026 14:22:06:830,0.0,-58.0,,0.0,2025.5766,215.0,4.0,34.0,15.0,8.0,255.0,60.0,0.0,0.0,0.0,38.8559,30.0,25.1725,1.0,0.0,0.0,0.0,0.0,0.0,3468.0,0.0,0.0,0.0,0.0,0.0,0.0,0.0,0.0,0.0,2014.0,0.0,N.A.,5.0,N.A.,0.0,0.0,0.0,0.0,0.2684,,0.0,0.0,0.0,0.0,24.0,0.0,0.0,0.0,0.0,0.0,0.0,0.0,0.0,0.0,0.0,0.0,0.0,0.0,0.0,0.0,0.0,0.0,0.0,0.0,0.0,0.0,0.0,0.0,0.0,Standby,Enabled,Not triggered,-8.88,Not triggered,0.0,Not triggered,255.0,545.0,14.84,Not triggered,Not triggered,0.0,0.0,0.0,0.0,0.0,0.0,0.0,0.0,0.0,0.0,0.0,0.0,0.0,0.0,0.0,0.0,0.0,0.0,0.0,0.0,0.0,0.0,0.0,0.0
avg_121,26-02-2026 14:23:00,26-02-2026,T-001,COMP-01,RUN-A,SENS-01,can_log_26022026_140238.csv,12253,2026-10-06T05:37:44.253681+00:00,Matched,OK,0.0,0.0,0.0,0.0,0.0,,0.0,0.0,0.0,0.0,0.0,0.0,25.0,190.0,-50.0,1.0,1.0,0.0,STOP,95.0,0.0,0.0,0.0,0.0,0.0,,26-02-2026 14:23:07:432,0.0,-58.0,,0.0,2125.9459,215.0,4.0,34.0,15.0,8.0,255.0,60.0,0.0,0.0,0.0,38.8198,30.0,25.1865,1.0,0.0,0.0,0.0,0.0,0.0,3468.0,0.0,0.0,0.0,0.0,0.0,0.0,0.0,0.0,0.0,2014.0,0.0,N.A.,5.0,N.A.,0.0,0.0,0.0,0.0,0.2682,,0.0,0.0,0.0,0.0,24.0,0.0,0.0,0.0,0.0,0.0,0.0,0.0,0.0,0.0,0.0,0.0,0.0,0.0,0.0,0.0,0.0,0.0,0.0,0.0,0.0,0.0,0.0,0.0,0.0,Standby,Enabled,Not triggered,-8.88,Not triggered,0.0,Not triggered,255.0,545.0,14.84,Not triggered,Not triggered,0.0,0.0,0.0,0.0,0.0,0.0,0.0,0.0,0.0,0.0,0.0,0.0,0.0,0.0,0.0,0.0,0.0,0.0,0.0,0.0,0.0,0.0,0.0,0.0
avg_122,26-02-2026 14:24:00,26-02-2026,T-001,COMP-01,RUN-A,SENS-01,can_log_26022026_140238.csv,12364,2026-10-06T05:37:44.269378+00:00,Matched,OK,0.0,0.0,0.0,0.0,0.0,,0.0,0.0,0.0,0.0,0.0,0.0,25.0,190.0,-50.0,1.0,1.0,0.0,STOP,95.0,0.0,0.0,0.0,0.0,0.0,,26-02-2026 14:24:08:029,0.0,-58.0,,0.0,2249.0053,215.0,4.0,34.0,15.0,8.0,255.0,60.0,0.0,0.0,0.0,39.0,30.0,25.1647,1.0,0.0,0.0,0.0,0.0,0.0,4655.7158,0.0,0.0,0.0,0.0,0.0,0.0,0.0,0.0,0.0,2682.5421,0.0,26.0,5.0,33.2593,0.0,0.0,0.0,0.0,0.2678,,0.0,0.0,0.0,0.0,24.0,0.0,0.0,0.0,0.0,0.0,0.0,0.0,0.0,0.0,0.0,0.0,0.0,0.0,0.0,0.0,0.0,0.0,0.0,0.0,0.0,0.0,0.0,0.0,0.0,Standby,Enabled,Not triggered,-8.8807,Not triggered,0.0,Not triggered,255.0,726.4,22.2255,Not triggered,Not triggered,0.0,0.0,0.0,0.0,0.0,0.0,0.0,0.0,0.0,0.0,0.0,0.0,0.0,0.0,0.0,0.0,0.0,0.0,0.0,0.0,0.0,0.0,0.0,0.0
avg_123,26-02-2026 14:25:00,26-02-2026,T-001,COMP-01,RUN-A,SENS-01,can_log_26022026_140238.csv,12554,2026-10-06T05:37:44.295995+00:00,Matched,OK,0.0,0.0,0.0,0.0,0.0,,0.0,0.0,0.0,0.0,0.0,0.0,25.0,190.0,-50.0,1.0,1.0,0.0,STOP,95.0,0.0,0.0,0.0,0.0,0.0,,26-02-2026 14:25:00:030,0.0,-58.0,,0.0,2483.1567,215.0,4.0,34.0,15.0,8.0,255.0,60.0,0.0,0.0,0.0,38.9333,30.0,25.1425,1.0,0.0,0.0,0.0,0.0,0.0,10510.9567,0.0,0.0,0.0,0.0,0.0,0.0,0.0,0.0,0.0,6005.41,0.0,26.0,5.0,28.0,0.0,0.0,0.0,0.0,0.2684,,0.0,0.0,0.0,0.0,24.0,0.0,0.0,0.0,0.0,0.0,0.0,0.0,0.0,0.0,0.0,0.0,0.0,0.0,0.0,0.0,0.0,0.0,0.0,0.0,0.0,0.0,0.0,0.0,0.0,Standby,Enabled,Not triggered,-8.88,Not triggered,0.0,Not triggered,255.0,1670.3,25.5222,Not triggered,Not triggered,0.0,0.0,0.0,0.0,0.0,0.0,0.0,0.0,0.0,0.0,0.0,0.0,0.0,0.0,0.0,0.0,0.0,0.0,0.0,0.0,0.0,0.0,0.0,0.0
avg_124,26-02-2026 14:26:00,26-02-2026,T-001,COMP-01,RUN-A,SENS-01,can_log_26022026_140238.csv,12854,2026-10-06T05:37:44.337976+00:00,Matched,OK,0.0,0.0,0.0,0.0,0.0,,0.0,0.0,0.0,0.0,0.0,0.0,25.0,190.0,-50.0,1.0,1.0,0.0,STOP,95.0,0.0,0.0,0.0,0.0,0.0,,26-02-2026 14:26:00:030,0.0,-58.0,,0.0,2782.5433,215.0,4.0,34.0,15.0,8.0,255.0,60.0,0.0,0.0,0.0,38.84,30.0,25.1408,1.0,0.0,0.0,0.0,0.0,0.0,17919.84,0.0,0.0,0.0,0.0,0.0,0.0,0.0,0.0,0.0,10216.79,0.0,26.0,5.0,28.0,0.0,0.0,0.0,0.0,0.2684,,0.0,0.0,0.0,0.0,24.0,0.0,0.0,0.0,0.0,0.0,0.0,0.0,0.0,0.0,0.0,0.0,0.0,0.0,0.0,0.0,0.0,0.0,0.0,0.0,0.0,0.0,0.0,0.0,0.0,Standby,Enabled,Not triggered,-8.88,Not triggered,0.0,Not triggered,255.0,2870.0,25.5436,Not triggered,Not triggered,0.0,0.0,0.0,0.0,0.0,0.0,0.0,0.0,0.0,0.0,0.0,0.0,0.0,0.0,0.0,0.0,0.0,0.0,0.0,0.0,0.0,0.0,0.0,0.0
avg_125,26-02-2026 14:27:00,26-02-2026,T-001,COMP-01,RUN-A,SENS-01,can_log_26022026_140238.csv,13154,2026-10-06T05:37:44.379611+00:00,Matched,OK,0.0,0.0,0.0,0.0,0.0,,0.0,0.0,0.0,0.0,0.0,0.0,25.0,190.0,-50.0,1.0,1.0,0.0,STOP,95.0,0.0,0.0,0.0,0.0,0.0,,26-02-2026 14:27:00:029,0.0,-58.0,,0.0,3082.02,215.0,4.0,34.0,15.0,8.0,255.0,60.0,0.0,0.0,0.0,38.9267,30.0,25.1408,1.0,0.0,0.0,0.0,0.0,0.0,25329.44,0.0,0.0,0.0,0.0,0.0,0.0,0.0,0.0,0.0,14427.4367,0.0,26.0,5.0,28.0,0.0,0.0,0.0,0.0,0.2684,,0.0,0.0,0.0,0.0,24.0,0.0,0.0,0.0,0.0,0.0,0.0,0.0,0.0,0.0,0.0,0.0,0.0,0.0,0.0,0.0,0.0,0.0,0.0,0.0,0.0,0.0,0.0,0.0,0.0,Standby,Enabled,Not triggered,-8.88,Not triggered,0.0,Not triggered,255.0,4070.0,25.5429,Not triggered,Not triggered,0.0,0.0,0.0,0.0,0.0,0.0,0.0,0.0,0.0,0.0,0.0,0.0,0.0,0.0,0.0,0.0,0.0,0.0,0.0,0.0,0.0,0.0,0.0,0.0
avg_126,26-02-2026 14:28:00,26-02-2026,T-001,COMP-01,RUN-A,SENS-01,can_log_26022026_140238.csv,13454,2026-10-06T05:37:44.421521+00:00,Matched,OK,0.0,0.0,0.0,0.0,0.0,,0.0,0.0,0.0,0.0,0.0,0.0,25.0,190.0,-50.0,1.0,1.0,0.0,STOP,95.0,0.0,0.0,0.0,0.0,0.0,,26-02-2026 14:28:00:044,0.0,-58.0,,0.0,3381.4833,215.0,4.0,34.0,15.0,8.0,255.0,60.0,0.0,0.0,0.0,39.0,30.0,25.1383,1.0,0.0,0.0,0.0,0.0,0.0,32741.08,0.0,0.0,0.0,0.0,0.0,0.0,0.0,0.0,0.0,18638.6567,0.0,26.0,5.0,28.0,0.0,0.0,0.0,0.0,0.2684,,0.0,0.0,0.0,0.0,24.0,0.0,0.0,0.0,0.0,0.0,0.0,0.0,0.0,0.0,0.0,0.0,0.0,0.0,0.0,0.0,0.0,0.0,0.0,0.0,0.0,0.0,0.0,0.0,0.0,Standby,Enabled,Not triggered,-8.88,Not triggered,0.0,Not triggered,255.0,5270.0,25.542,Not triggered,Not triggered,0.0,0.0,0.0,0.0,0.0,0.0,0.0,0.0,0.0,0.0,0.0,0.0,0.0,0.0,0.0,0.0,0.0,0.0,0.0,0.0,0.0,0.0,0.0,0.0
avg_127,26-02-2026 14:29:00,26-02-2026,T-001,COMP-01,RUN-A,SENS-01,can_log_26022026_140238.csv,13754,2026-10-06T05:37:44.463497+00:00,Matched,OK,0.0,0.0,0.0,0.0,0.0,,0.0,0.0,0.0,0.0,0.0,0.0,25.0,190.0,-50.0,1.0,1.0,0.0,STOP,95.0,0.0,0.0,0.0,0.0,0.0,,26-02-2026 14:29:00:030,0.0,-58.0,,0.0,3669.9281,215.0,4.0,34.0,15.0,8.0,255.0,60.0,0.0,0.0,0.0,38.964,30.0,25.1365,1.0,0.0,0.0,0.0,0.0,0.0,39880.018,0.0,0.0,0.0,0.0,0.0,0.0,0.0,0.0,0.0,22696.0863,0.0,26.0,5.0,28.0,0.0,0.0,0.0,0.0,0.2684,,0.0,0.0,0.0,0.0,24.0,0.0,0.0,0.0,0.0,0.0,0.0,0.0,0.0,0.0,0.0,0.0,0.0,0.0,0.0,0.0,0.0,0.0,0.0,0.0,0.0,0.0,0.0,0.0,0.0,Standby,Enabled,Not triggered,-8.88,Not triggered,0.0,Not triggered,255.0,6425.9964,25.5415,Not triggered,Not triggered,0.0,0.0,0.0,0.0,0.0,0.0,0.0,0.0,0.0,0.0,0.0,0.0,0.0,0.0,0.0,0.0,0.0,0.0,0.0,0.0,0.0,0.0,0.0,0.0
avg_128,26-02-2026 14:30:00,26-02-2026,T-001,COMP-01,RUN-A,SENS-01,can_log_26022026_140238.csv,14032,2026-10-06T05:37:44.501881+00:00,Matched,OK,0.0,0.0,0.0,0.0,0.0,,0.0,0.0,0.0,0.0,0.0,0.0,25.0,190.0,-50.0,1.0,1.0,0.0,STOP,95.0,0.0,0.0,0.0,0.0,0.0,,26-02-2026 14:30:08:637,0.0,-58.0,,0.0,3875.4191,215.0,4.0,34.0,15.0,8.0,255.0,60.0,0.0,0.0,0.0,39.0,30.0,25.1243,1.0,0.0,0.0,0.0,0.0,0.0,46597.3456,0.0,0.0,0.0,0.0,0.0,0.0,0.0,0.0,0.0,25586.0147,0.0,26.0,5.0,28.0,0.0,0.0,0.0,0.0,0.2683,,0.0,0.0,0.0,0.0,24.0,0.0,0.0,0.0,0.0,0.0,0.0,0.0,0.0,0.0,0.0,0.0,0.0,0.0,0.0,0.0,0.0,0.0,0.0,0.0,0.0,0.0,0.0,0.0,0.0,Standby,Enabled,Not triggered,-8.88,Not triggered,0.0,Not triggered,255.0,7249.9779,25.5401,Not triggered,Not triggered,0.0,0.0,0.0,0.0,0.0,0.0,0.0,0.0,0.0,0.0,0.0,0.0,0.0,0.0,0.0,0.0,0.0,0.0,0.0,0.0,0.0,0.0,0.0,0.0
avg_129,26-02-2026 14:31:00,26-02-2026,T-001,COMP-01,RUN-A,SENS-01,can_log_26022026_140238.csv,14168,2026-10-06T05:37:44.521004+00:00,Matched,OK,0.0,0.0,0.0,0.0,0.0,,0.0,0.0,0.0,0.0,0.0,0.0,25.0,190.0,-50.0,1.0,1.0,0.0,STOP,95.0,0.0,0.0,0.0,0.0,0.0,,26-02-2026 14:31:08:035,0.0,-58.0,,0.0,4045.2243,215.0,4.0,34.0,15.0,8.0,255.0,60.0,0.0,0.0,0.0,38.9626,30.0,25.143,1.0,0.0,0.0,0.0,0.0,0.0,55171.1028,0.0,0.0,0.0,0.0,0.0,0.0,0.0,0.0,0.0,28017.2383,0.0,26.0,5.0,28.0,0.0,0.0,0.0,0.0,0.2686,,0.0,0.0,0.0,0.0,24.0,0.0,0.0,0.0,0.0,0.0,0.0,0.0,0.0,0.0,0.0,0.0,0.0,0.0,0.0,0.0,0.0,0.0,0.0,0.0,0.0,0.0,0.0,0.0,0.0,Standby,Enabled,Not triggered,-8.88,Not triggered,0.0,Not triggered,255.0,7940.7664,25.5395,Not triggered,Not triggered,0.0,0.0,0.0,0.0,0.0,0.0,0.0,0.0,0.0,0.0,0.0,0.0,0.0,0.0,0.0,0.0,0.0,0.0,0.0,0.0,0.0,0.0,0.0,0.0
avg_130,26-02-2026 14:32:00,26-02-2026,T-001,COMP-01,RUN-A,SENS-01,can_log_26022026_140238.csv,14382,2026-10-06T05:37:44.551111+00:00,Matched,OK,0.0,0.0,0.0,0.0,0.0,,0.0,0.0,0.0,0.0,0.0,0.0,25.0,190.0,-50.0,1.0,1.0,0.0,STOP,95.0,0.0,0.0,0.0,0.0,0.0,,26-02-2026 14:32:00:039,0.0,-58.0,,0.0,4300.3367,215.0,4.0,34.0,15.0,8.0,255.0,60.0,0.0,0.0,0.0,39.0,30.0,25.0958,1.0,0.0,0.0,0.0,0.0,0.0,62377.8867,0.0,0.0,0.0,0.0,0.0,0.0,0.0,0.0,0.0,31597.86,0.0,26.0,5.0,28.0,0.0,0.0,0.0,0.0,0.2684,,0.0,0.0,0.0,0.0,24.0,0.0,0.0,0.0,0.0,0.0,0.0,0.0,0.0,0.0,0.0,0.0,0.0,0.0,0.0,0.0,0.0,0.0,0.0,0.0,0.0,0.0,0.0,0.0,0.0,Standby,Enabled,Not triggered,-8.88,Not triggered,0.0,Not triggered,255.0,8962.0,25.5402,Not triggered,Not triggered,0.0,0.0,0.0,0.0,0.0,0.0,0.0,0.0,0.0,0.0,0.0,0.0,0.0,0.0,0.0,0.0,0.0,0.0,0.0,0.0,0.0,0.0,0.0,0.0
avg_131,26-02-2026 14:33:00,26-02-2026,T-001,COMP-01,RUN-A,SENS-01,can_log_26022026_140238.csv,14682,2026-10-06T05:37:44.594301+00:00,Matched,OK,0.0,0.0,0.0,0.0,0.0,,0.0,0.0,0.0,0.0,0.0,0.0,25.0,190.0,-50.0,1.0,1.0,0.0,STOP,95.0,0.0,0.0,0.0,0.0,0.0,,26-02-2026 14:33:00:035,0.0,-58.0,,0.0,4599.6433,215.0,4.0,34.0,15.0,8.0,255.0,60.0,0.0,0.0,0.0,39.0,30.0,25.08,1.0,0.0,0.0,0.0,0.0,0.0,69786.6,0.0,0.0,0.0,0.0,0.0,0.0,0.0,0.0,0.0,35809.4,0.0,26.0,5.0,28.0,0.0,0.0,0.0,0.0,0.2683,,0.0,0.0,0.0,0.0,24.0,0.0,0.0,0.0,0.0,0.0,0.0,0.0,0.0,0.0,0.0,0.0,0.0,0.0,0.0,0.0,0.0,0.0,0.0,0.0,0.0,0.0,0.0,0.0,0.0,Standby,Enabled,Not triggered,-8.88,Not triggered,0.0,Not triggered,255.0,10162.0,25.5395,Not triggered,Not triggered,0.0,0.0,0.0,0.0,0.0,0.0,0.0,0.0,0.0,0.0,0.0,0.0,0.0,0.0,0.0,0.0,0.0,0.0,0.0,0.0,0.0,0.0,0.0,0.0
avg_132,26-02-2026 14:34:00,26-02-2026,T-001,COMP-01,RUN-A,SENS-01,can_log_26022026_140238.csv,14982,2026-10-06T05:37:44.635756+00:00,Matched,OK,0.0,0.0,0.0,0.0,0.0,,0.0,0.0,0.0,0.0,0.0,0.0,25.0,190.0,-50.0,1.0,1.0,0.0,STOP,95.0,0.0,0.0,0.0,0.0,0.0,,26-02-2026 14:34:00:031,0.0,-58.0,,0.0,4899.1667,215.0,4.0,34.0,15.0,8.0,255.0,60.0,0.0,0.0,0.0,39.0,30.0,25.1383,1.0,0.0,0.0,0.0,0.0,0.0,77195.3333,0.0,0.0,0.0,0.0,0.0,0.0,0.0,0.0,0.0,40021.4133,0.0,26.0,5.0,28.0,0.0,0.0,0.0,0.0,0.2684,,0.0,0.0,0.0,0.0,24.0,0.0,0.0,0.0,0.0,0.0,0.0,0.0,0.0,0.0,0.0,0.0,0.0,0.0,0.0,0.0,0.0,0.0,0.0,0.0,0.0,0.0,0.0,0.0,0.0,Standby,Enabled,Not triggered,-8.88,Not triggered,0.0,Not triggered,255.0,11362.0,25.5396,Not triggered,Not triggered,0.0,0.0,0.0,0.0,0.0,0.0,0.0,0.0,0.0,0.0,0.0,0.0,0.0,0.0,0.0,0.0,0.0,0.0,0.0,0.0,0.0,0.0,0.0,0.0
avg_133,26-02-2026 14:35:00,26-02-2026,T-001,COMP-01,RUN-A,SENS-01,can_log_26022026_143419.csv,15282,2026-10-06T05:37:44.679864+00:00,Matched,OK,0.0,0.0,0.0,0.0,0.0,,0.0,0.0,0.0,0.0,0.0,0.0,25.0,190.0,-50.0,1.0,1.0,0.0,STOP,95.0,0.0,0.0,0.0,0.0,0.0,,26-02-2026 14:35:00:029,0.0,-58.0,,0.0,5198.57,215.0,4.0,34.0,15.0,8.0,255.0,60.0,0.0,0.0,0.0,39.0,30.0,25.1308,1.0,0.0,0.0,0.0,0.0,0.0,84604.0033,0.0,0.0,0.0,0.0,0.0,0.0,0.0,0.0,0.0,44233.2,0.0,26.0,5.0,28.0,0.0,0.0,0.0,0.0,0.2685,,0.0,0.0,0.0,0.0,24.0,0.0,0.0,0.0,0.0,0.0,0.0,0.0,0.0,0.0,0.0,0.0,0.0,0.0,0.0,0.0,0.0,0.0,0.0,0.0,0.0,0.0,0.0,0.0,0.0,Standby,Enabled,Not triggered,-8.88,Not triggered,0.0,Not triggered,255.0,12562.0,25.5385,Not triggered,Not triggered,0.0,0.0,0.0,0.0,0.0,0.0,0.0,0.0,0.0,0.0,0.0,0.0,0.0,0.0,0.0,0.0,0.0,0.0,0.0,0.0,0.0,0.0,0.0,0.0
avg_134,26-02-2026 14:36:00,26-02-2026,T-001,COMP-01,RUN-A,SENS-01,can_log_26022026_143419.csv,15582,2026-10-06T05:37:44.721675+00:00,Matched,OK,0.0,0.0,0.0,0.0,0.0,,0.0,0.0,0.0,0.0,0.0,0.0,25.0,190.0,-50.0,1.0,1.0,0.0,STOP,95.0,0.0,0.0,0.0,0.0,0.0,,26-02-2026 14:36:00:030,0.0,-58.0,,0.0,5498.0633,215.0,4.0,34.0,15.0,8.0,255.0,60.0,0.0,0.0,0.0,39.0,30.0,25.1292,1.0,0.0,0.0,0.0,0.0,0.0,92012.9033,0.0,0.0,0.0,0.0,0.0,0.0,0.0,0.0,0.0,48445.1467,0.0,26.0,5.0,28.0,0.0,0.0,0.0,0.0,0.2685,,0.0,0.0,0.0,0.0,24.0,0.0,0.0,0.0,0.0,0.0,0.0,0.0,0.0,0.0,0.0,0.0,0.0,0.0,0.0,0.0,0.0,0.0,0.0,0.0,0.0,0.0,0.0,0.0,0.0,Standby,Enabled,Not triggered,-8.88,Not triggered,0.0,Not triggered,255.0,13762.0,25.537,Not triggered,Not triggered,0.0,0.0,0.0,0.0,0.0,0.0,0.0,0.0,0.0,0.0,0.0,0.0,0.0,0.0,0.0,0.0,0.0,0.0,0.0,0.0,0.0,0.0,0.0,0.0
avg_135,26-02-2026 14:37:00,26-02-2026,T-001,COMP-01,RUN-A,SENS-01,can_log_26022026_143419.csv,15882,2026-10-06T05:37:44.763414+00:00,Matched,OK,0.0,0.0,0.0,0.0,0.0,,0.0,0.0,0.0,0.0,0.0,0.0,25.0,190.0,-50.0,1.0,1.0,0.0,STOP,95.0,0.0,0.0,0.0,0.0,0.0,,26-02-2026 14:37:00:039,0.0,-58.0,,0.0,5797.5067,215.0,4.0,34.0,15.0,8.0,255.0,60.0,0.0,0.0,0.0,39.0,30.0,25.13,1.0,0.0,0.0,0.0,0.0,0.0,99422.0933,0.0,0.0,0.0,0.0,0.0,0.0,0.0,0.0,0.0,52657.0967,0.0,26.0,5.0,28.0,0.0,0.0,0.0,0.0,0.2685,,0.0,0.0,0.0,0.0,24.0,0.0,0.0,0.0,0.0,0.0,0.0,0.0,0.0,0.0,0.0,0.0,0.0,0.0,0.0,0.0,0.0,0.0,0.0,0.0,0.0,0.0,0.0,0.0,0.0,Standby,Enabled,Not triggered,-8.88,Not triggered,0.0,Not triggered,255.0,14962.0,25.5371,Not triggered,Not triggered,0.0,0.0,0.0,0.0,0.0,0.0,0.0,0.0,0.0,0.0,0.0,0.0,0.0,0.0,0.0,0.0,0.0,0.0,0.0,0.0,0.0,0.0,0.0,0.0
avg_136,26-02-2026 14:38:00,26-02-2026,T-001,COMP-01,RUN-A,SENS-01,can_log_26022026_143419.csv,16182,2026-10-06T05:37:44.805112+00:00,Matched,OK,0.0,0.0,0.0,0.0,0.0,,0.0,0.0,0.0,0.0,0.0,0.0,25.0,190.0,-50.0,1.0,1.0,0.0,STOP,95.0,0.0,0.0,0.0,0.0,0.0,,26-02-2026 14:38:00:030,0.0,-58.0,,0.0,6096.9867,215.0,4.0,34.0,15.0,8.0,255.0,60.0,0.0,0.0,0.0,39.0,30.0,25.1348,1.0,0.0,0.0,0.0,0.0,0.0,106832.7833,0.0,0.0,0.0,0.0,0.0,0.0,0.0,0.0,0.0,56869.0733,0.0,26.0,5.0,28.0,0.0,0.0,0.0,0.0,0.2686,,0.0,0.0,0.0,0.0,24.0,0.0,0.0,0.0,0.0,0.0,0.0,0.0,0.0,0.0,0.0,0.0,0.0,0.0,0.0,0.0,0.0,0.0,0.0,0.0,0.0,0.0,0.0,0.0,0.0,Standby,Enabled,Not triggered,-8.88,Not triggered,0.0,Not triggered,255.0,16162.0,25.5367,Not triggered,Not triggered,0.0,0.0,0.0,0.0,0.0,0.0,0.0,0.0,0.0,0.0,0.0,0.0,0.0,0.0,0.0,0.0,0.0,0.0,0.0,0.0,0.0,0.0,0.0,0.0
avg_137,26-02-2026 14:39:00,26-02-2026,T-001,COMP-01,RUN-A,SENS-01,can_log_26022026_143419.csv,16482,2026-10-06T05:37:44.846702+00:00,Matched,OK,0.0,0.0,0.0,0.0,0.0,,0.0,0.0,0.0,0.0,0.0,0.0,25.0,190.0,-50.0,1.0,1.0,0.0,STOP,95.0,0.0,0.0,0.0,0.0,0.0,,26-02-2026 14:39:00:041,0.0,-58.0,,0.0,6365.5336,215.0,4.0,34.0,15.0,8.0,255.0,60.0,0.0,0.0,0.0,39.0,30.0,25.1324,1.0,0.0,0.0,0.0,0.0,0.0,113339.9118,0.0,0.0,0.0,0.0,0.0,0.0,0.0,0.0,0.0,60577.7227,0.0,26.0,5.0,28.0,0.0,0.0,0.0,0.0,0.2686,,0.0,0.0,0.0,0.0,24.0,0.0,0.0,0.0,0.0,0.0,0.0,0.0,0.0,0.0,0.0,0.0,0.0,0.0,0.0,0.0,0.0,0.0,0.0,0.0,0.0,0.0,0.0,0.0,0.0,Standby,Enabled,Not triggered,-8.88,Not triggered,0.0,Not triggered,255.0,17215.4958,22.6001,Not triggered,Not triggered,0.0,0.0,0.0,0.0,0.0,0.0,0.0,0.0,0.0,0.0,0.0,0.0,0.0,0.0,0.0,0.0,0.0,0.0,0.0,0.0,0.0,0.0,0.0,0.0
avg_138,26-02-2026 14:40:00,26-02-2026,T-001,COMP-01,RUN-A,SENS-01,can_log_26022026_143419.csv,16720,2026-10-06T05:37:44.879389+00:00,Matched,OK,0.0,0.0,0.0,0.0,0.0,,0.0,0.0,0.0,0.0,0.0,0.0,25.0,190.0,-50.0,1.0,1.0,0.0,STOP,95.0,0.0,0.0,0.0,0.0,0.0,,26-02-2026 14:40:07:832,0.0,-58.0,,0.0,6534.5588,215.0,4.0,34.0,15.0,8.0,255.0,60.0,0.0,0.0,0.0,39.0,30.0,25.1525,1.0,0.0,0.0,0.0,0.0,0.0,115140.0,0.0,0.0,0.0,0.0,0.0,0.0,0.0,0.0,0.0,61643.0,0.0,N.A.,5.0,N.A.,0.0,0.0,0.0,0.0,0.2684,,0.0,0.0,0.0,0.0,24.0,0.0,0.0,0.0,0.0,0.0,0.0,0.0,0.0,0.0,0.0,0.0,0.0,0.0,0.0,0.0,0.0,0.0,0.0,0.0,0.0,0.0,0.0,0.0,0.0,Standby,Enabled,Not triggered,-8.88,Not triggered,0.0,Not triggered,255.0,17507.0,12.1,Not triggered,Not triggered,0.0,0.0,0.0,0.0,0.0,0.0,0.0,0.0,0.0,0.0,0.0,0.0,0.0,0.0,0.0,0.0,0.0,0.0,0.0,0.0,0.0,0.0,0.0,0.0
avg_139,26-02-2026 14:41:00,26-02-2026,T-001,COMP-01,RUN-A,SENS-01,can_log_26022026_143419.csv,16822,2026-10-06T05:37:44.893495+00:00,Matched,OK,0.0,0.0,0.0,0.0,0.0,,0.0,0.0,0.0,0.0,0.0,0.0,25.0,190.0,-50.0,1.0,1.0,0.0,STOP,95.0,0.0,0.0,0.0,0.0,0.0,,26-02-2026 14:41:08:430,0.0,-58.0,,0.0,6634.6337,215.0,4.0,34.0,15.0,8.0,255.0,60.0,0.0,0.0,0.0,39.0,30.0,25.153,1.0,0.0,0.0,0.0,0.0,0.0,115140.0,0.0,0.0,0.0,0.0,0.0,0.0,0.0,0.0,0.0,61643.0,0.0,N.A.,5.0,N.A.,0.0,0.0,0.0,0.0,0.2686,,0.0,0.0,0.0,0.0,24.0,0.0,0.0,0.0,0.0,0.0,0.0,0.0,0.0,0.0,0.0,0.0,0.0,0.0,0.0,0.0,0.0,0.0,0.0,0.0,0.0,0.0,0.0,0.0,0.0,Standby,Enabled,Not triggered,-8.88,Not triggered,0.0,Not triggered,255.0,17507.0,12.1,Not triggered,Not triggered,0.0,0.0,0.0,0.0,0.0,0.0,0.0,0.0,0.0,0.0,0.0,0.0,0.0,0.0,0.0,0.0,0.0,0.0,0.0,0.0,0.0,0.0,0.0,0.0
avg_140,26-02-2026 14:42:00,26-02-2026,T-001,COMP-01,RUN-A,SENS-01,can_log_26022026_143419.csv,16923,2026-10-06T05:37:44.907528+00:00,Matched,OK,0.0,0.0,0.0,0.0,0.0,,0.0,0.0,0.0,0.0,0.0,0.0,25.0,190.0,-50.0,1.0,1.0,0.0,STOP,95.0,0.0,0.0,0.0,0.0,0.0,,26-02-2026 14:42:09:034,0.0,-58.0,,0.0,6734.4851,215.0,4.0,34.0,15.0,8.0,255.0,60.0,0.0,0.0,0.0,39.0,30.0,25.1525,1.0,0.0,0.0,0.0,0.0,0.0,115140.0,0.0,0.0,0.0,0.0,0.0,0.0,0.0,0.0,0.0,61643.0,0.0,N.A.,5.0,N.A.,0.0,0.0,0.0,0.0,0.2686,,0.0,0.0,0.0,0.0,24.0,0.0,0.0,0.0,0.0,0.0,0.0,0.0,0.0,0.0,0.0,0.0,0.0,0.0,0.0,0.0,0.0,0.0,0.0,0.0,0.0,0.0,0.0,0.0,0.0,Standby,Enabled,Not triggered,-8.88,Not triggered,0.0,Not triggered,255.0,17507.0,12.1,Not triggered,Not triggered,0.0,0.0,0.0,0.0,0.0,0.0,0.0,0.0,0.0,0.0,0.0,0.0,0.0,0.0,0.0,0.0,0.0,0.0,0.0,0.0,0.0,0.0,0.0,0.0
avg_141,26-02-2026 14:43:00,26-02-2026,T-001,COMP-01,RUN-A,SENS-01,can_log_26022026_143419.csv,17024,2026-10-06T05:37:44.921732+00:00,Matched,OK,0.0,0.0,0.0,0.0,0.0,,0.0,0.0,0.0,0.0,0.0,0.0,25.0,190.0,-50.0,1.0,1.0,0.0,STOP,95.0,0.0,0.0,0.0,0.0,0.0,,26-02-2026 14:43:09:435,0.0,-58.0,,0.0,6834.6176,215.0,4.0,34.0,15.0,8.0,255.0,60.0,0.0,0.0,0.0,39.0,30.0,25.1525,1.0,0.0,0.0,0.0,0.0,0.0,115140.0,0.0,0.0,0.0,0.0,0.0,0.0,0.0,0.0,0.0,61643.0,0.0,N.A.,5.0,N.A.,0.0,0.0,0.0,0.0,0.2686,,0.0,0.0,0.0,0.0,24.0,0.0,0.0,0.0,0.0,0.0,0.0,0.0,0.0,0.0,0.0,0.0,0.0,0.0,0.0,0.0,0.0,0.0,0.0,0.0,0.0,0.0,0.0,0.0,0.0,Standby,Enabled,Not triggered,-8.88,Not triggered,0.0,Not triggered,255.0,17507.0,12.1,Not triggered,Not triggered,0.0,0.0,0.0,0.0,0.0,0.0,0.0,0.0,0.0,0.0,0.0,0.0,0.0,0.0,0.0,0.0,0.0,0.0,0.0,0.0,0.0,0.0,0.0,0.0
avg_142,26-02-2026 14:44:00,26-02-2026,T-001,COMP-01,RUN-A,SENS-01,can_log_26022026_143419.csv,17126,2026-10-06T05:37:44.936056+00:00,Matched,OK,0.0,0.0,0.0,0.0,0.0,,0.0,0.0,0.0,0.0,0.0,0.0,25.0,190.0,-50.0,1.0,1.0,0.0,STOP,95.0,0.0,0.0,0.0,0.0,0.0,,26-02-2026 14:44:10:030,0.0,-58.0,,0.0,6933.6566,215.0,4.0,34.0,15.0,8.0,255.0,60.0,0.0,0.0,0.0,39.0,30.0,25.1525,1.0,0.0,0.0,0.0,0.0,0.0,115140.0,0.0,0.0,0.0,0.0,0.0,0.0,0.0,0.0,0.0,61643.0,0.0,N.A.,5.0,N.A.,0.0,0.0,0.0,0.0,0.2686,,0.0,0.0,0.0,0.0,24.0,0.0,0.0,0.0,0.0,0.0,0.0,0.0,0.0,0.0,0.0,0.0,0.0,0.0,0.0,0.0,0.0,0.0,0.0,0.0,0.0,0.0,0.0,0.0,0.0,Standby,Enabled,Not triggered,-8.88,Not triggered,0.0,Not triggered,255.0,17507.0,12.1,Not triggered,Not triggered,0.0,0.0,0.0,0.0,0.0,0.0,0.0,0.0,0.0,0.0,0.0,0.0,0.0,0.0,0.0,0.0,0.0,0.0,0.0,0.0,0.0,0.0,0.0,0.0
avg_143,26-02-2026 14:45:00,26-02-2026,T-001,COMP-01,RUN-A,SENS-01,can_log_26022026_143419.csv,17225,2026-10-06T05:37:44.949746+00:00,Matched,OK,0.0,0.0,0.0,0.0,0.0,,0.0,0.0,0.0,0.0,0.0,0.0,25.0,190.0,-50.0,1.0,1.0,0.0,STOP,95.0,0.0,0.0,0.0,0.0,0.0,,26-02-2026 14:45:00:037,0.0,-58.0,,0.0,7031.0,215.0,4.0,34.0,15.0,8.0,255.0,60.0,0.0,0.0,0.0,39.0,30.0,25.1602,1.0,0.0,0.0,0.0,0.0,0.0,115140.0,0.0,0.0,0.0,0.0,0.0,0.0,0.0,0.0,0.0,61643.0,0.0,N.A.,5.0,N.A.,0.0,0.0,0.0,0.0,0.2686,,0.0,0.0,0.0,0.0,24.0,0.0,0.0,0.0,0.0,0.0,0.0,0.0,0.0,0.0,0.0,0.0,0.0,0.0,0.0,0.0,0.0,0.0,0.0,0.0,0.0,0.0,0.0,0.0,0.0,Standby,Enabled,Not triggered,-8.88,Not triggered,0.0,Not triggered,255.0,17507.0,12.1,Not triggered,Not triggered,0.0,0.0,0.0,0.0,0.0,0.0,0.0,0.0,0.0,0.0,0.0,0.0,0.0,0.0,0.0,0.0,0.0,0.0,0.0,0.0,0.0,0.0,0.0,0.0
avg_144,26-02-2026 14:46:00,26-02-2026,T-001,COMP-01,RUN-A,SENS-01,can_log_26022026_143419.csv,17323,2026-10-06T05:37:44.963304+00:00,Matched,OK,0.0,0.0,0.0,0.0,0.0,,0.0,0.0,0.0,0.0,0.0,0.0,25.0,190.0,-50.0,1.0,1.0,0.0,STOP,95.0,0.0,0.0,0.0,0.0,0.0,,26-02-2026 14:46:00:040,0.0,-58.0,,0.0,7128.4286,215.0,4.0,34.0,15.0,8.0,255.0,60.0,0.0,0.0,0.0,39.0,30.0,25.1628,1.0,0.0,0.0,0.0,0.0,0.0,115140.0,0.0,0.0,0.0,0.0,0.0,0.0,0.0,0.0,0.0,61643.0,0.0,N.A.,5.0,N.A.,0.0,0.0,0.0,0.0,0.2684,,0.0,0.0,0.0,0.0,24.0,0.0,0.0,0.0,0.0,0.0,0.0,0.0,0.0,0.0,0.0,0.0,0.0,0.0,0.0,0.0,0.0,0.0,0.0,0.0,0.0,0.0,0.0,0.0,0.0,Standby,Enabled,Not triggered,-8.88,Not triggered,0.0,Not triggered,255.0,17507.0,12.1,Not triggered,Not triggered,0.0,0.0,0.0,0.0,0.0,0.0,0.0,0.0,0.0,0.0,0.0,0.0,0.0,0.0,0.0,0.0,0.0,0.0,0.0,0.0,0.0,0.0,0.0,0.0
avg_145,26-02-2026 14:47:00,26-02-2026,T-001,COMP-01,RUN-A,SENS-01,can_log_26022026_143419.csv,17421,2026-10-06T05:37:44.976812+00:00,Matched,OK,0.0,0.0,0.0,0.0,0.0,,0.0,0.0,0.0,0.0,0.0,0.0,25.0,190.0,-50.0,1.0,1.0,0.0,STOP,95.0,0.0,0.0,0.0,0.0,0.0,,26-02-2026 14:47:00:036,0.0,-58.0,,0.0,7225.9175,215.0,4.0,34.0,15.0,8.0,255.0,60.0,0.0,0.0,0.0,39.0,30.0,25.15,1.0,0.0,0.0,0.0,0.0,0.0,115140.0,0.0,0.0,0.0,0.0,0.0,0.0,0.0,0.0,0.0,61643.0,0.0,N.A.,5.0,N.A.,0.0,0.0,0.0,0.0,0.2686,,0.0,0.0,0.0,0.0,24.0,0.0,0.0,0.0,0.0,0.0,0.0,0.0,0.0,0.0,0.0,0.0,0.0,0.0,0.0,0.0,0.0,0.0,0.0,0.0,0.0,0.0,0.0,0.0,0.0,Standby,Enabled,Not triggered,-8.88,Not triggered,0.0,Not triggered,255.0,17507.0,12.1,Not triggered,Not triggered,0.0,0.0,0.0,0.0,0.0,0.0,0.0,0.0,0.0,0.0,0.0,0.0,0.0,0.0,0.0,0.0,0.0,0.0,0.0,0.0,0.0,0.0,0.0,0.0
avg_146,26-02-2026 14:48:00,26-02-2026,T-001,COMP-01,RUN-A,SENS-01,can_log_26022026_143419.csv,17518,2026-10-06T05:37:44.990199+00:00,Matched,OK,0.0,0.0,0.0,0.0,0.0,,0.0,0.0,0.0,0.0,0.0,0.0,25.0,190.0,-50.0,1.0,1.0,0.0,STOP,95.0,0.0,0.0,0.0,0.0,0.0,,26-02-2026 14:48:00:030,0.0,-58.0,,0.0,7304.4667,215.0,4.0,34.0,15.0,8.0,255.0,60.0,0.0,0.0,0.0,39.0,30.0,25.1408,1.0,0.0,0.0,0.0,0.0,0.0,115140.0,0.0,0.0,0.0,0.0,0.0,0.0,0.0,0.0,0.0,61643.0,0.0,N.A.,5.0,N.A.,0.0,0.0,0.0,0.0,0.2686,,0.0,0.0,0.0,0.0,24.0,0.0,0.0,0.0,0.0,0.0,0.0,0.0,0.0,0.0,0.0,0.0,0.0,0.0,0.0,0.0,0.0,0.0,0.0,0.0,0.0,0.0,0.0,0.0,0.0,Standby,Enabled,Not triggered,-8.88,Not triggered,0.0,Not triggered,255.0,17507.0,12.1,Not triggered,Not triggered,0.0,0.0,0.0,0.0,0.0,0.0,0.0,0.0,0.0,0.0,0.0,0.0,0.0,0.0,0.0,0.0,0.0,0.0,0.0,0.0,0.0,0.0,0.0,0.0
